"Weco Manufacturing",43307,6,1,40.00,16.00,"DT11738","Lug, Wire Rope Lifting ( Cylinder Side)",45.68000,1827.20,730.88,"ESTIM",2/27/2026 12:00:00 AM,2/27/2026 12:00:00 AM,12/9/2025 12:00:00 AM,"105034","",True
"Weco Manufacturing",43307,7,1,40.00,32.00,"DT11755","Block, Pulley Mounting",60.66000,2426.40,1941.12,"ESTIM",2/27/2026 12:00:00 AM,2/27/2026 12:00:00 AM,12/9/2025 12:00:00 AM,"105034","",True
"Weco Manufacturing",43308,2,1,40.00,36.00,"DT16567","HOUSING, BEARING",59.42000,2376.80,2139.12,"ESTIM",2/27/2026 12:00:00 AM,2/27/2026 12:00:00 AM,12/9/2025 12:00:00 AM,"105043","",True
"Weco Manufacturing",43339,1,1,100.00,100.00,"DT11726","BLOCK, CAM ROLLER MOUNTING",32.70000,3270.00,3270.00,"ESTIM",4/9/2026 12:00:00 AM,4/7/2026 12:00:00 AM,1/6/2026 12:00:00 AM,"105265","",True
"Weco Manufacturing",43340,2,1,40.00,40.00,"DT11738","Lug, Wire Rope Lifting ( Cylinder Side)",45.68000,1827.20,1827.20,"ESTIM",3/11/2026 12:00:00 AM,3/9/2026 12:00:00 AM,1/6/2026 12:00:00 AM,"105266","",True
"Weco Manufacturing",43340,3,1,40.00,31.00,"DT11737","Lug, Wire Rope Lifting",63.94000,2557.60,1982.14,"ESTIM",3/16/2026 12:00:00 AM,3/13/2026 12:00:00 AM,1/6/2026 12:00:00 AM,"105266","",True
"Weco Manufacturing",43360,2,2,40.00,40.00,"DT17519-unwelded","PLATE, CONVEYOR END- UNWELDED",55.56000,2222.40,2222.40,"ESTIM",3/17/2026 12:00:00 AM,3/17/2026 12:00:00 AM,1/13/2026 12:00:00 AM,"105327","",True
"Weco Manufacturing",43360,2,3,340.00,340.00,"DT17519-unwelded","PLATE, CONVEYOR END- UNWELDED",55.56000,18890.40,18890.40,"ESTIM",3/26/2026 12:00:00 AM,3/26/2026 12:00:00 AM,1/13/2026 12:00:00 AM,"105327","",True
"Weco Manufacturing",43361,1,1,120.00,120.00,"DT31505","FLANGE",47.62000,5714.40,5714.40,"ESTIM",3/4/2026 12:00:00 AM,3/4/2026 12:00:00 AM,1/13/2026 12:00:00 AM,"105337","",True
"Weco Manufacturing",43362,1,1,120.00,120.00,"DT16567","HOUSING, BEARING",59.42000,7130.40,7130.40,"ESTIM",3/12/2026 12:00:00 AM,3/12/2026 12:00:00 AM,1/13/2026 12:00:00 AM,"105335","",True
"Weco Manufacturing",43370,1,1,50.00,31.00,"DT11726","BLOCK, CAM ROLLER MOUNTING",32.70000,1635.00,1013.70,"ESTIM",2/20/2026 12:00:00 AM,2/20/2026 12:00:00 AM,1/20/2026 12:00:00 AM,"105411","",True
"Weco Manufacturing",43340,5,1,40.00,40.00,"DT15722","CAM",48.97000,1958.80,1958.80,"ESTIM",3/25/2026 12:00:00 AM,3/23/2026 12:00:00 AM,1/6/2026 12:00:00 AM,"105266","",True
"Weco Manufacturing",43340,6,1,40.00,40.00,"DT16567","HOUSING, BEARING",59.42000,2376.80,2376.80,"ESTIM",3/25/2026 12:00:00 AM,3/23/2026 12:00:00 AM,1/6/2026 12:00:00 AM,"105266","",True
"Weco Manufacturing",43340,7,1,40.00,40.00,"DT11755","Block, Pulley Mounting",60.66000,2426.40,2426.40,"ESTIM",3/31/2026 12:00:00 AM,3/27/2026 12:00:00 AM,1/6/2026 12:00:00 AM,"105266","",True
"Weco Manufacturing",43340,8,1,250.00,250.00,"DT11726","BLOCK, CAM ROLLER MOUNTING",32.70000,8175.00,8175.00,"ESTIM",4/14/2026 12:00:00 AM,4/10/2026 12:00:00 AM,1/6/2026 12:00:00 AM,"105266","",True
"Weco Manufacturing",43360,1,1,80.00,80.00,"DT16502-unwelded","MOUNT HANDLE - RH unwelded",88.34000,7067.20,7067.20,"ESTIM",4/6/2026 12:00:00 AM,4/3/2026 12:00:00 AM,1/13/2026 12:00:00 AM,"105327","",True
"Weco Manufacturing",43360,2,1,90.00,90.00,"DT17519-unwelded","PLATE, CONVEYOR END- UNWELDED",55.56000,5000.40,5000.40,"ESTIM",2/23/2026 12:00:00 AM,2/23/2026 12:00:00 AM,1/13/2026 12:00:00 AM,"105327","",True
"PTC PRECISION, LLC",43135,9,1,121.00,116.00,"12571076-D02","(RMA 5162) D02",453.53000,54877.13,52609.48,"",2/27/2026 12:00:00 AM,2/27/2026 12:00:00 AM,9/4/2025 12:00:00 AM,"19114","",True
"PTC PRECISION, LLC",43136,8,1,50.00,39.00,"12571076-D04","D04",257.66000,12883.00,10048.74,"",4/24/2026 12:00:00 AM,2/27/2026 12:00:00 AM,9/4/2025 12:00:00 AM,"19115","",True
"PTC PRECISION, LLC",43359,1,1,77.00,77.00,"42245-601","HOUSING, WIDE ANGLE LWIR",148.84000,11460.68,11460.68,"",4/13/2026 12:00:00 AM,4/13/2026 12:00:00 AM,1/13/2026 12:00:00 AM,"19358","",True
"PTC PRECISION, LLC",43359,2,1,1.00,1.00,"FAI","FAI CHARGE 42245-601",250.00000,250.00,250.00,"",4/13/2026 12:00:00 AM,4/13/2026 12:00:00 AM,1/13/2026 12:00:00 AM,"19358","",True
"PTC PRECISION, LLC",43359,3,1,77.00,77.00,"42245-602","CELL, LENS, BROWNOUT OLA",171.11000,13175.47,13175.47,"",4/13/2026 12:00:00 AM,4/13/2026 12:00:00 AM,1/13/2026 12:00:00 AM,"19358","",True
"PTC PRECISION, LLC",43359,4,1,1.00,1.00,"FAI","FAI CHARGE 42245-602",250.00000,250.00,250.00,"",4/13/2026 12:00:00 AM,4/13/2026 12:00:00 AM,1/13/2026 12:00:00 AM,"19358","",True
"PTC PRECISION, LLC",43359,11,1,70.00,70.00,"42245-606","RING, JAM NUT",63.08000,4415.60,4415.60,"",4/13/2026 12:00:00 AM,4/13/2026 12:00:00 AM,1/13/2026 12:00:00 AM,"19358","",True
"PTC PRECISION, LLC",43359,12,1,1.00,1.00,"FAI","FAI CHARGE 42245-606",250.00000,250.00,250.00,"",4/13/2026 12:00:00 AM,4/13/2026 12:00:00 AM,1/13/2026 12:00:00 AM,"19358","",True
"PTC PRECISION, LLC",43359,13,1,77.00,77.00,"42245-608","LENS CAP",1.00000,77.00,77.00,"",4/13/2026 12:00:00 AM,4/13/2026 12:00:00 AM,1/13/2026 12:00:00 AM,"19358","",True
"PTC PRECISION, LLC",43359,14,1,1.00,1.00,"FAI","FAI CHARGE 42245-608",250.00000,250.00,250.00,"",4/13/2026 12:00:00 AM,4/13/2026 12:00:00 AM,1/13/2026 12:00:00 AM,"19358","",True
"PTC PRECISION, LLC",43359,5,1,80.00,80.00,"42245-603","RETAINER, ELEMENT #1          
LENS ASSY",59.92000,4793.60,4793.60,"",4/13/2026 12:00:00 AM,4/13/2026 12:00:00 AM,1/13/2026 12:00:00 AM,"19358","",True
"PTC PRECISION, LLC",43359,6,1,1.00,1.00,"FAI","FAI CHARGE 42245-603",250.00000,250.00,250.00,"",4/13/2026 12:00:00 AM,4/13/2026 12:00:00 AM,1/13/2026 12:00:00 AM,"19358","",True
"PTC PRECISION, LLC",43359,7,1,68.00,68.00,"42245-604","RETAINER, ELEMENT #2,         
LENS ASSY",63.36000,4308.48,4308.48,"",4/13/2026 12:00:00 AM,4/13/2026 12:00:00 AM,1/13/2026 12:00:00 AM,"19358","",True
"PTC PRECISION, LLC",43359,8,1,1.00,1.00,"FAI","FAI CHARGE 42245-604",250.00000,250.00,250.00,"",4/13/2026 12:00:00 AM,4/13/2026 12:00:00 AM,1/13/2026 12:00:00 AM,"19358","",True
"PTC PRECISION, LLC",43359,9,1,60.00,60.00,"42245-605","RING, FOCUS ADJUST",79.13000,4747.80,4747.80,"",4/13/2026 12:00:00 AM,4/13/2026 12:00:00 AM,1/13/2026 12:00:00 AM,"19358","",True
"PTC PRECISION, LLC",43359,10,1,1.00,1.00,"FAI","FAI CHARGE 42245-605",250.00000,250.00,250.00,"",4/13/2026 12:00:00 AM,4/13/2026 12:00:00 AM,1/13/2026 12:00:00 AM,"19358","",True
"Turbett Surgical Inc.",42688,2,1,3.00,3.00,"TS1200","Container - Mid",3891.53000,11674.59,11674.59,"DZink",11/26/2025 12:00:00 AM,2/27/2030 12:00:00 AM,11/26/2024 12:00:00 AM,"P101093-2","",True
"Turbett Surgical Inc.",42688,2,2,3.00,3.00,"TS1200","Container - Mid",3891.53000,11674.59,11674.59,"DZink",11/26/2025 12:00:00 AM,3/31/2030 12:00:00 AM,11/26/2024 12:00:00 AM,"P101093-2","",True
"Turbett Surgical Inc.",42688,2,3,3.00,3.00,"TS1200","Container - Mid",3891.53000,11674.59,11674.59,"DZink",11/26/2025 12:00:00 AM,4/30/2030 12:00:00 AM,11/26/2024 12:00:00 AM,"P101093-2","",True
"Turbett Surgical Inc.",42688,2,4,3.00,3.00,"TS1200","Container - Mid",3891.53000,11674.59,11674.59,"DZink",11/26/2025 12:00:00 AM,5/29/2030 12:00:00 AM,11/26/2024 12:00:00 AM,"P101093-2","",True
"Turbett Surgical Inc.",42688,2,5,3.00,3.00,"TS1200","Container - Mid",3891.53000,11674.59,11674.59,"DZink",11/21/2025 12:00:00 AM,6/30/2030 12:00:00 AM,11/26/2024 12:00:00 AM,"P101093-2","",True
"Turbett Surgical Inc.",42688,2,6,3.00,3.00,"TS1200","Container - Mid",3891.53000,11674.59,11674.59,"DZink",12/19/2025 12:00:00 AM,7/31/2030 12:00:00 AM,11/26/2024 12:00:00 AM,"P101093-2","",True
"Turbett Surgical Inc.",42922,2,1,20.00,8.00,"TS1565","INNER DOOR SCREEN ASSM",451.96000,9039.20,3615.68,"DZink",7/8/2025 12:00:00 AM,2/27/2026 12:00:00 AM,4/15/2025 12:00:00 AM,"P101216-2","",True
"Turbett Surgical Inc.",42688,4,4,10.00,10.00,"TS1500","Unit - Large",4649.80000,46498.00,46498.00,"DZink",9/19/2025 12:00:00 AM,2/27/2026 12:00:00 AM,11/26/2024 12:00:00 AM,"P101093-2","",True
"Turbett Surgical Inc.",42688,4,5,10.00,10.00,"TS1500","Unit - Large",4649.80000,46498.00,46498.00,"DZink",10/17/2025 12:00:00 AM,3/31/2026 12:00:00 AM,11/26/2024 12:00:00 AM,"P101093-2","",True
"Turbett Surgical Inc.",42688,4,6,10.00,10.00,"TS1500","Unit - Large",4649.80000,46498.00,46498.00,"DZink",11/21/2025 12:00:00 AM,4/30/2026 12:00:00 AM,11/26/2024 12:00:00 AM,"P101093-2","",True
"Turbett Surgical Inc.",42688,4,7,10.00,10.00,"TS1500","Unit - Large",4649.80000,46498.00,46498.00,"DZink",12/19/2025 12:00:00 AM,5/29/2026 12:00:00 AM,11/26/2024 12:00:00 AM,"P101093-2","",True
"Turbett Surgical Inc.",42688,4,8,5.00,5.00,"TS1500","Unit - Large",4649.80000,23249.00,23249.00,"DZink",1/16/2026 12:00:00 AM,6/30/2026 12:00:00 AM,11/26/2024 12:00:00 AM,"P101093-2","",True
"Turbett Surgical Inc.",42922,1,1,20.00,13.00,"TS1571","OUTER DOOR ASSEMBLY W/ LATCH POSTS",1155.00000,23100.00,15015.00,"DZink",7/8/2025 12:00:00 AM,2/27/2026 12:00:00 AM,4/15/2025 12:00:00 AM,"P101216-2","",True
"Turbett Surgical Inc.",42688,2,7,3.00,3.00,"TS1200","Container - Mid",3891.53000,11674.59,11674.59,"DZink",1/16/2026 12:00:00 AM,8/31/2030 12:00:00 AM,11/26/2024 12:00:00 AM,"P101093-2","",True
"Turbett Surgical Inc.",42688,2,8,3.00,3.00,"TS1200","Container - Mid",3891.53000,11674.59,11674.59,"DZink",2/20/2026 12:00:00 AM,9/30/2030 12:00:00 AM,11/26/2024 12:00:00 AM,"P101093-2","",True
"Turbett Surgical Inc.",42688,2,9,3.00,3.00,"TS1200","Container - Mid",3891.53000,11674.59,11674.59,"DZink",3/20/2026 12:00:00 AM,10/30/2030 12:00:00 AM,11/26/2024 12:00:00 AM,"P101093-2","",True
"Turbett Surgical Inc.",42688,2,10,3.00,3.00,"TS1200","Container - Mid",3891.53000,11674.59,11674.59,"DZink",4/17/2026 12:00:00 AM,11/30/2030 12:00:00 AM,11/26/2024 12:00:00 AM,"P101093-2","",True
"Turbett Surgical Inc.",42688,2,11,5.00,5.00,"TS1200","Container - Mid",3891.53000,19457.65,19457.65,"DZink",5/15/2026 12:00:00 AM,12/31/2030 12:00:00 AM,11/26/2024 12:00:00 AM,"P101093-2","",True
"Turbett Surgical Inc.",42688,4,3,10.00,2.00,"TS1500","Unit - Large",4649.80000,46498.00,9299.60,"DZink",8/15/2025 12:00:00 AM,1/30/2026 12:00:00 AM,11/26/2024 12:00:00 AM,"P101093-2","",True
"ASCENSION HEALTH",43304,1,1,2.00,1.00,"15-0231","Fansler Operating Speculum, Long",994.55000,1989.10,994.55,"",2/24/2026 12:00:00 AM,2/24/2026 12:00:00 AM,12/8/2025 12:00:00 AM,"340140000262880","",True
"ATLANTIC HEALTH SYSTEM",43185,4,1,1.00,1.00,"15-0210","Pratt Rectal Speculum",725.01000,725.01,725.01,"",1/30/2026 12:00:00 AM,2/27/2026 12:00:00 AM,10/2/2025 12:00:00 AM,"AHS-1330028","",True
"ATLANTIC HEALTH SYSTEM",43187,4,1,1.00,1.00,"15-0210","Pratt Rectal Speculum",725.01000,725.01,725.01,"",1/30/2026 12:00:00 AM,2/27/2026 12:00:00 AM,10/3/2025 12:00:00 AM,"AHS-1330029","",True
"CLEVELAND CLINIC HEALTH SYSTEMS",43256,1,1,4.00,4.00,"15-0182","Hirschman Anoscope, Medium, 3/4""  x 2-3/4""",750.75000,3003.00,3003.00,"",1/23/2026 12:00:00 AM,2/27/2026 12:00:00 AM,11/10/2025 12:00:00 AM,"CCF26720629","",True
"CLEVELAND CLINIC HEALTH SYSTEMS",43318,2,1,1.00,1.00,"08-0072","ESI Deep Pelvic Retractor, Narrow, Std. Handle",1085.37000,1085.37,1085.37,"",2/13/2026 12:00:00 AM,2/13/2026 12:00:00 AM,12/15/2025 12:00:00 AM,"CCF26852191","",True
"CLEVELAND CLINIC HEALTH SYSTEMS",43325,1,1,4.00,4.00,"15-0184","Hirschman Anoscope, Large, 15/16"" x 2-3/4""",750.75000,3003.00,3003.00,"",3/2/2026 12:00:00 AM,3/2/2026 12:00:00 AM,12/17/2025 12:00:00 AM,"CCF26863943","",True
"CLEVELAND CLINIC HEALTH SYSTEMS",43353,1,1,2.00,1.00,"15-0171","CCF Hirschman Anoscope, 15/16â€ dia. x 2-3/4â€ long,  1-1/2â€ bevel w/ rounded obturator tip",750.75000,1501.50,750.75,"",3/17/2026 12:00:00 AM,3/17/2026 12:00:00 AM,1/12/2026 12:00:00 AM,"CCF26949003","",True
"CLEVELAND CLINIC HEALTH SYSTEMS",43372,1,1,1.00,1.00,"08-0049S","St. Mark Retractor, 62mm x 254mm w/  Lip And Angled blade",896.61000,896.61,896.61,"",3/17/2026 12:00:00 AM,3/13/2026 12:00:00 AM,1/20/2026 12:00:00 AM,"CCF26981972","",True
"CLEVELAND CLINIC HEALTH SYSTEMS",43374,1,1,4.00,4.00,"15-0171","CCF Hirschman Anoscope, 15/16â€ dia. x 2-3/4â€ long,  1-1/2â€ bevel w/ rounded obturator tip",750.75000,3003.00,3003.00,"",3/31/2026 12:00:00 AM,3/26/2026 12:00:00 AM,1/21/2026 12:00:00 AM,"CCF26990310","",True
"CLEVELAND CLINIC HEALTH SYSTEMS",43375,1,1,3.00,3.00,"15-0230","Fansler Operating Speculum, Standard",994.55000,2983.65,2983.65,"",4/16/2026 12:00:00 AM,4/13/2026 12:00:00 AM,1/21/2026 12:00:00 AM,"CCF26991214","",True
"CLEVELAND CLINIC HEALTH SYSTEMS",43375,2,1,3.00,3.00,"01-0350","Quick-On Fiber Optic Cable, 3.5mm dia., 90""in long",407.55000,1222.65,1222.65,"",4/16/2026 12:00:00 AM,4/14/2026 12:00:00 AM,1/21/2026 12:00:00 AM,"CCF26991214","",True
"ConMed Corporation",43283,1,1,100.00,50.00,"016-107-1013","Upper Ball",99.58000,9958.00,4979.00,"",2/10/2026 12:00:00 AM,2/3/2026 12:00:00 AM,11/19/2025 12:00:00 AM,"324570","",True
"ConMed Corporation",43334,1,1,200.00,200.00,"016-111-1013","Seal Plate",32.87000,6574.00,6574.00,"",2/10/2026 12:00:00 AM,2/6/2026 12:00:00 AM,12/24/2025 12:00:00 AM,"324619","",True
"ConMed Corporation",43337,1,1,250.00,250.00,"P000019165","Fixed Arm Assembly",224.35000,56087.50,56087.50,"",3/31/2026 12:00:00 AM,3/27/2026 12:00:00 AM,12/30/2025 12:00:00 AM,"324620","",True
"ConMed Corporation",43358,1,1,150.00,150.00,"016-105-1009","S Rod Seal Ring",22.87000,3430.50,3430.50,"",3/24/2026 12:00:00 AM,3/24/2026 12:00:00 AM,1/13/2026 12:00:00 AM,"324633","",True
"ConMed Corporation",43358,2,1,150.00,150.00,"016-105-1009","S Rod Seal Ring",22.87000,3430.50,3430.50,"",8/11/2026 12:00:00 AM,8/7/2026 12:00:00 AM,1/13/2026 12:00:00 AM,"324633","",True
"DARTMOUTH HITCHCOCK MEDICAL CENTER",43383,1,1,1.00,1.00,"REPAIR","REPAIR OF15-0172 Job 27766 REPLACE LIGHT CARRIER, CLEAN AND POLISH.",300.00000,300.00,300.00,"",2/27/2026 12:00:00 AM,2/24/2026 12:00:00 AM,1/27/2026 12:00:00 AM,"0002305133","",True
"DARTMOUTH HITCHCOCK MEDICAL CENTER",43383,2,1,1.00,1.00,"REPAIR","REPAIR OF 15-0170 JOB 30511 REPLACE LIGHT CARRIER, CLEAN AND POLISH.  ADJUST STICKING OBTURATOR.",300.00000,300.00,300.00,"",2/27/2026 12:00:00 AM,2/24/2026 12:00:00 AM,1/27/2026 12:00:00 AM,"0002305133","",True
"FROEDTERT HOSPITAL",43278,1,1,5.00,5.00,"15-0182","Hirschman Anoscope, Medium, 3/4""  x 2-3/4""",750.75000,3753.75,3753.75,"",2/6/2026 12:00:00 AM,2/6/2026 12:00:00 AM,11/19/2025 12:00:00 AM,"807411","",True
"HARTFORD HEALTHCARE MEDICAL GROUP",43275,1,1,3.00,3.00,"15-0182","Hirschman Anoscope, Medium, 3/4""  x 2-3/4""",750.75000,2252.25,2252.25,"",2/6/2026 12:00:00 AM,2/6/2026 12:00:00 AM,11/18/2025 12:00:00 AM,"2002458052","",True
"HARTFORD HEALTHCARE MEDICAL GROUP",43300,1,1,4.00,4.00,"15-0182","Hirschman Anoscope, Medium, 3/4""  x 2-3/4""",750.75000,3003.00,3003.00,"",2/19/2026 12:00:00 AM,2/19/2026 12:00:00 AM,12/4/2025 12:00:00 AM,"2002474552","",True
"HARTFORD HEALTHCARE MEDICAL GROUP",43341,1,1,4.00,4.00,"15-0192","Buie-Hirsh. Anoscope, Medium, 3/4""  x 3-15/16""",750.75000,3003.00,3003.00,"",3/13/2026 12:00:00 AM,3/10/2026 12:00:00 AM,1/7/2026 12:00:00 AM,"2002501858","",True
"KAISER PERMANENTE",42930,1,1,1.00,1.00,"15-0272","Armstrong Tri-slot Tapered Anoscope",715.00000,715.00,715.00,"",,3/27/2026 12:00:00 AM,4/21/2025 12:00:00 AM,"08512-0000811794","",True
"MOUNT SINAI MEDICAL CENTER",43237,1,1,4.00,4.00,"15-0234","Chelsea-Eaton Operating Speculum",852.96000,3411.84,3411.84,"",1/7/2026 12:00:00 AM,2/6/2026 12:00:00 AM,10/30/2025 12:00:00 AM,"730079","",True
"MOUNT SINAI MEDICAL CENTER",43389,1,1,2.00,2.00,"01-0350","Quick-On Fiber Optic Cable, 3.5mm dia., 90""in long",407.55000,815.10,815.10,"",4/23/2026 12:00:00 AM,4/23/2026 12:00:00 AM,1/28/2026 12:00:00 AM,"59-0624424","",True
"MOUNT SINAI MEDICAL CENTER",43389,2,1,2.00,2.00,"15-0234","Chelsea-Eaton Operating Speculum",852.96000,1705.92,1705.92,"",4/23/2026 12:00:00 AM,4/20/2026 12:00:00 AM,1/28/2026 12:00:00 AM,"59-0624424","",True
"OCHSNER FOUNDATION HOSPITAL",43277,1,1,2.00,2.00,"MSK061316","ESI Custom (Extended) standard Deep Pelvic Retractor Fazio Handle",1800.00000,3600.00,3600.00,"",12/31/2025 12:00:00 AM,2/27/2026 12:00:00 AM,11/18/2025 12:00:00 AM,"15001073602","",True
"OCHSNER FOUNDATION HOSPITAL",43277,2,1,1.00,1.00,"MSK061416","ESI Custom (Extended)Narrow Deep Pelvic Retractor, Fazio Handle",1800.00000,1800.00,1800.00,"",12/31/2025 12:00:00 AM,2/27/2026 12:00:00 AM,11/18/2025 12:00:00 AM,"15001073602","",True
"OCHSNER FOUNDATION HOSPITAL",43320,1,1,2.00,2.00,"MSK061316","ESI Custom (Extended) standard Deep Pelvic Retractor Fazio Handle",1800.00000,3600.00,3600.00,"",2/23/2026 12:00:00 AM,2/23/2026 12:00:00 AM,12/15/2025 12:00:00 AM,"15001089593","",True
"OCHSNER FOUNDATION HOSPITAL",43320,2,1,2.00,2.00,"08-0070","ESI Deep Pelvic Retractor, Standard, Std. Handle",1085.37000,2170.74,2170.74,"",2/6/2026 12:00:00 AM,2/6/2026 12:00:00 AM,12/15/2025 12:00:00 AM,"15001089593","",True
"OCHSNER FOUNDATION HOSPITAL",43385,1,1,2.00,2.00,"MSK061316","ESI Custom (Extended) standard Deep Pelvic Retractor Fazio Handle",1800.00000,3600.00,3600.00,"",4/30/2026 12:00:00 AM,4/30/2026 12:00:00 AM,1/27/2026 12:00:00 AM,"15001115312","",True
"OHIO HEALTH COLON AND RECTAL",43366,1,1,2.00,2.00,"REPAIR","REPAIR OF 15-0194 REPLACE LIGHT CARRIER CLEAN AND POLISH",300.00000,600.00,600.00,"",2/13/2026 12:00:00 AM,2/13/2026 12:00:00 AM,1/15/2026 12:00:00 AM,"PO-12088324","",True
"SENTARA HEALTH SYSTEM",43326,1,1,5.00,2.00,"01-0350","Quick-On Fiber Optic Cable, 3.5mm dia., 90""in long",407.55000,2037.75,815.10,"",1/30/2026 12:00:00 AM,2/27/2026 12:00:00 AM,12/18/2025 12:00:00 AM,"SH01988539","",True
"SHARP HEALTHCARE",42530,1,1,7.00,1.00,"15-0276NL","Martin-Davis Anoscope, Small, No Light",629.20000,4404.40,629.20,"",11/27/2025 12:00:00 AM,3/27/2026 12:00:00 AM,8/12/2024 12:00:00 AM,"PO3543021","",True
"STANFORD HEALTHCARE",43279,1,1,1.00,1.00,"15-0180","Hirschman Anoscope, Small, 5/8"" x 2-3/4""",750.75000,750.75,750.75,"",2/9/2026 12:00:00 AM,2/9/2026 12:00:00 AM,11/19/2025 12:00:00 AM,"1000328409","",True
"STANFORD HEALTHCARE",43279,2,1,1.00,1.00,"15-0182","Hirschman Anoscope, Medium, 3/4""  x 2-3/4""",750.75000,750.75,750.75,"",2/6/2026 12:00:00 AM,2/6/2026 12:00:00 AM,11/19/2025 12:00:00 AM,"1000328409","",True
"STANFORD HEALTHCARE",43279,3,1,1.00,1.00,"15-0184","Hirschman Anoscope, Large, 15/16"" x 2-3/4""",750.75000,750.75,750.75,"",2/13/2026 12:00:00 AM,2/13/2026 12:00:00 AM,11/19/2025 12:00:00 AM,"1000328409","",True
"STANFORD HEALTHCARE",43324,1,1,2.00,2.00,"08-0046","St. Mark Retractor, 62mm x 178mm w/ Lip",693.55000,1387.10,1387.10,"",2/27/2026 12:00:00 AM,2/24/2026 12:00:00 AM,12/17/2025 12:00:00 AM,"1000348813","",True
"STANFORD HEALTHCARE",43332,1,1,2.00,2.00,"15-0174","CCF Hirschman Anoscope, 15/16"". x 4"" long,  1-1/2"" bevel w/ rounded obturator tip",750.75000,1501.50,1501.50,"",3/6/2026 12:00:00 AM,3/6/2026 12:00:00 AM,12/22/2025 12:00:00 AM,"1000351146","",True
"SUNY UPSTATE MEDICAL UNIVERSITY",43387,1,1,4.00,3.00,"15-0244","Hill Ferguson Rectal Retractor, Extra Large",750.75000,3003.00,2252.25,"",3/11/2026 12:00:00 AM,3/11/2026 12:00:00 AM,1/27/2026 12:00:00 AM,"7571657-0-K","",True
"UNIVERSITY HOSPITALS OF CLEVELAND",43351,1,1,15.00,10.00,"15-0240","Hill Ferguson Rectal Retractor, Small",750.75000,11261.25,7507.50,"",2/27/2026 12:00:00 AM,2/27/2026 12:00:00 AM,1/12/2026 12:00:00 AM,"4141144","",True
"UNIVERSITY HOSPITALS OF CLEVELAND",43351,2,1,15.00,10.00,"15-0241","Hill Ferguson Rectal Retractor, Medium",750.75000,11261.25,7507.50,"",2/27/2026 12:00:00 AM,2/27/2026 12:00:00 AM,1/12/2026 12:00:00 AM,"4141144","",True
"UNIVERSITY HOSPITALS OF CLEVELAND",43351,3,1,15.00,10.00,"15-0242","Hill Ferguson Rectal Retractor, Large",750.75000,11261.25,7507.50,"",2/27/2026 12:00:00 AM,2/27/2026 12:00:00 AM,1/12/2026 12:00:00 AM,"4141144","",True
"UNIVERSITY HOSPITALS OF CLEVELAND",43351,4,1,15.00,3.00,"01-0350-10","Quick-On Fiber Optic Cable, 3.5mm dia., 120in. length",471.90000,7078.50,1415.70,"",2/27/2026 12:00:00 AM,2/27/2026 12:00:00 AM,1/12/2026 12:00:00 AM,"4141144","",True
"UNIVERSITY OF ARKANSAS",42591,2,1,5.00,5.00,"15-0272","Armstrong Tri-slot Tapered Anoscope",715.00000,3575.00,3575.00,"",,3/27/2026 12:00:00 AM,9/25/2024 12:00:00 AM,"PO-1000417045","",True
"UNIVERSITY OF TOLEDO MEDICAL CENTER",43392,1,1,1.00,1.00,"15-0242","Hill Ferguson Rectal Retractor, Large",750.75000,750.75,750.75,"",3/20/2026 12:00:00 AM,3/17/2026 12:00:00 AM,1/30/2026 12:00:00 AM,"1611495","",True
"UPMC HEALTH SYSTEM",43216,1,1,1.00,1.00,"15-0210","Pratt Rectal Speculum",613.47000,613.47,613.47,"",1/30/2026 12:00:00 AM,2/27/2026 12:00:00 AM,10/20/2025 12:00:00 AM,"0012684383","",True
"V A MEDICAL CENTER - PITTSBURGH",43330,1,1,6.00,6.00,"15-5011","Replacement Light Carrier for Ultrasound 20cm",369.07000,2214.42,2214.42,"",2/6/2026 12:00:00 AM,2/6/2026 12:00:00 AM,12/22/2025 12:00:00 AM,"646-R6E403","",True
"V A MEDICAL CENTER - PITTSBURGH",43330,2,1,6.00,6.00,"15-5012","Replacement Light Carrier for Ultrasound 14cm",369.07000,2214.42,2214.42,"",2/6/2026 12:00:00 AM,2/6/2026 12:00:00 AM,12/22/2025 12:00:00 AM,"646-R6E403","",True
"V A MEDICAL CENTER - PITTSBURGH",43330,3,1,4.00,4.00,"01-0011","Fiber Optic Cable, 90in. long, 5.0mm dia., reinforced",557.70000,2230.80,2230.80,"",2/6/2026 12:00:00 AM,2/6/2026 12:00:00 AM,12/22/2025 12:00:00 AM,"646-R6E403","",True
"Northwest Hospital System",43391,1,1,4.00,4.00,"15-0234","Chelsea-Eaton Operating Speculum",852.96000,3411.84,3411.84,"",4/24/2026 12:00:00 AM,4/21/2026 12:00:00 AM,1/30/2026 12:00:00 AM,"50392236-OR","",True
"Northwest Hospital System",43391,2,1,1.00,1.00,"31-1082","Lockhart-Mummery Fistula Director, 4, ss",503.36000,503.36,503.36,"",2/6/2026 12:00:00 AM,2/6/2026 12:00:00 AM,1/30/2026 12:00:00 AM,"50392236-OR","",True
"Northwest Hospital System",43391,3,1,2.00,2.00,"01-0011","Fiber Optic Cable, 90in. long, 5.0mm dia., reinforced",557.70000,1115.40,1115.40,"",2/27/2026 12:00:00 AM,2/27/2026 12:00:00 AM,1/30/2026 12:00:00 AM,"50392236-OR","",True
"MONTEFIORE MEDICAL CENTER",43240,1,1,1.00,1.00,"15-0232","Chelsea-Eaton Examining Speculum",852.96000,852.96,852.96,"",1/20/2026 12:00:00 AM,2/27/2026 12:00:00 AM,10/31/2025 12:00:00 AM,"2400154439-CPTL","",True
"MONTEFIORE MEDICAL CENTER",43240,2,1,1.00,1.00,"15-0234","Chelsea-Eaton Operating Speculum",852.96000,852.96,852.96,"",1/15/2026 12:00:00 AM,2/27/2026 12:00:00 AM,10/31/2025 12:00:00 AM,"2400154439-CPTL","",True
"MONTEFIORE MEDICAL CENTER",43240,3,1,1.00,1.00,"15-0210","Pratt Rectal Speculum",613.47000,613.47,613.47,"",1/30/2026 12:00:00 AM,2/27/2026 12:00:00 AM,10/31/2025 12:00:00 AM,"2400154439-CPTL","",True
"MONTEFIORE MEDICAL CENTER",43240,10,1,1.00,1.00,"01-0011","Fiber Optic Cable, 90in. long, 5.0mm dia., reinforced",557.70000,557.70,557.70,"",11/26/2025 12:00:00 AM,1/30/2026 12:00:00 AM,10/31/2025 12:00:00 AM,"2400154439-CPTL","",True
"COLON & RECTAL SURGICAL SPECIALISTS OF NY",43348,1,1,1.00,1.00,"15-0234O","Chelsea-Eaton Operating SPECULUM, OBTURATOR ONLY.",260.00000,260.00,260.00,"",2/20/2026 12:00:00 AM,2/17/2026 12:00:00 AM,1/9/2026 12:00:00 AM,"PB01092026","",True
"SKY RIDGE SURGICAL CTR",43388,1,1,2.00,1.00,"15-0244C","Set of 4 Hill Fergusons, 1 of each size",2777.78000,5555.56,2777.78,"",3/18/2026 12:00:00 AM,3/13/2026 12:00:00 AM,1/27/2026 12:00:00 AM,"188844","",True
"TRINITY HEALTH",43286,7,1,2.00,2.00,"08-0048","St. Mark Retractor, 62mm x 178mm",700.70000,1401.40,1401.40,"",1/26/2026 12:00:00 AM,2/27/2026 12:00:00 AM,11/21/2025 12:00:00 AM,"330010000288740","",True
"TRINITY HEALTH",43286,9,1,2.00,1.00,"08-0070","ESI Deep Pelvic Retractor, Standard, Std. Handle",1085.37000,2170.74,1085.37,"",2/4/2026 12:00:00 AM,2/20/2026 12:00:00 AM,11/21/2025 12:00:00 AM,"330010000288740","",True
"TRINITY HEALTH",43368,1,1,3.00,3.00,"15-0230","Fansler Operating Speculum, Standard",994.55000,2983.65,2983.65,"",3/27/2026 12:00:00 AM,3/24/2026 12:00:00 AM,1/19/2026 12:00:00 AM,"170020000218209","",True
"TRINITY HEALTH",43368,2,1,3.00,3.00,"01-0011","Fiber Optic Cable, 90in. long, 5.0mm dia., reinforced",557.70000,1673.10,1673.10,"",3/27/2026 12:00:00 AM,3/24/2026 12:00:00 AM,1/19/2026 12:00:00 AM,"170020000218209","",True
"ERLANGER HEALTH SYSTEM",42926,1,1,1.00,1.00,"15-1000C","Ferguson Retractor Set",1716.00000,1716.00,1716.00,"",,3/27/2026 12:00:00 AM,4/16/2025 12:00:00 AM,"0001217360","",True
"BETH ISRAEL LAYHEY HEALTH",43352,1,1,2.00,2.00,"37-2824","Suction Ligator w/ Cone & 100 Rings, Angled Down",858.00000,1716.00,1716.00,"",1/30/2026 12:00:00 AM,2/27/2026 12:00:00 AM,1/12/2026 12:00:00 AM,"2623020001075","",True
"HCA FLORIDA",43371,1,1,2.00,2.00,"08-0182","ESI Improved Mammary Retr. w/ Teeth & Suction",1437.55000,2875.10,2875.10,"",2/13/2026 12:00:00 AM,2/10/2026 12:00:00 AM,1/20/2026 12:00:00 AM,"254987","",True
"Morgan Advanced Ceramics",43132,1,5,100.00,100.00,"23729-0","FLANGE KOVAR",78.80000,7880.00,7880.00,"",3/4/2026 12:00:00 AM,3/4/2026 12:00:00 AM,9/3/2025 12:00:00 AM,"NBDPO-00006868-1","",True
"Morgan Advanced Ceramics",43132,1,6,100.00,100.00,"23729-0","FLANGE KOVAR",78.80000,7880.00,7880.00,"",3/4/2026 12:00:00 AM,3/4/2026 12:00:00 AM,9/3/2025 12:00:00 AM,"NBDPO-00006868-1","",True
"Morgan Advanced Ceramics",43190,5,1,1500.00,1500.00,"24276-0","WASHER .156ID OFHC COPPER UNSC10100",1.80000,2700.00,2700.00,"",3/4/2026 12:00:00 AM,3/4/2026 12:00:00 AM,10/3/2025 12:00:00 AM,"NBDPO-00007123-1","MUST BE ROHS COMPLIANT",True
"Navitar",43016,40,1,44.00,44.00,"3-16138CO","LENS RING",0.00000,0.00,0.00,"",2/2/2026 12:00:00 AM,2/2/2026 12:00:00 AM,6/16/2025 12:00:00 AM,"P000080533","",True
"Navitar",43016,41,1,48.00,48.00,"3-26500CO","SPACER, DC",0.00000,0.00,0.00,"",2/2/2026 12:00:00 AM,2/2/2026 12:00:00 AM,6/16/2025 12:00:00 AM,"P000080533","",True
"Navitar",43016,42,1,32.00,32.00,"3-26502CO","SPACER, HI",0.00000,0.00,0.00,"",2/2/2026 12:00:00 AM,2/2/2026 12:00:00 AM,6/16/2025 12:00:00 AM,"P000080533","",True
"Navitar",43016,43,1,178.00,178.00,"3-26503CO","RETAINER",0.00000,0.00,0.00,"",2/2/2026 12:00:00 AM,2/2/2026 12:00:00 AM,6/16/2025 12:00:00 AM,"P000080533","",True
"Navitar",43016,44,1,71.00,71.00,"3-26504CO","FRONT RETAINER",0.00000,0.00,0.00,"",2/2/2026 12:00:00 AM,2/2/2026 12:00:00 AM,6/16/2025 12:00:00 AM,"P000080533","",True
"Navitar",43016,45,1,62.00,62.00,"3-26696CO","RETAINER",0.00000,0.00,0.00,"",2/2/2026 12:00:00 AM,2/2/2026 12:00:00 AM,6/16/2025 12:00:00 AM,"P000080533","",True
"Navitar",43364,21,1,100.00,100.00,"3-50498","BEAMSPLITTER MOUNT",25.63000,2563.00,2563.00,"PeteB",8/19/2026 12:00:00 AM,8/17/2026 12:00:00 AM,1/14/2026 12:00:00 AM,"P000081425","",True
"Navitar",43364,22,1,100.00,100.00,"3-50498","BEAMSPLITTER MOUNT",25.63000,2563.00,2563.00,"PeteB",10/2/2026 12:00:00 AM,9/30/2026 12:00:00 AM,1/14/2026 12:00:00 AM,"P000081425","",True
"Navitar",43364,23,1,100.00,100.00,"3-50498","BEAMSPLITTER MOUNT",25.63000,2563.00,2563.00,"PeteB",11/16/2026 12:00:00 AM,11/12/2026 12:00:00 AM,1/14/2026 12:00:00 AM,"P000081425","",True
"Navitar",43364,24,1,1.00,1.00,"NRE $ FAI CHARGE","TOOLING & STENCIL CHARGE FROM PO P000081425 LINE 8",825.00000,825.00,825.00,"PeteB",3/13/2026 12:00:00 AM,3/11/2026 12:00:00 AM,1/14/2026 12:00:00 AM,"P000081425","",True
"Navitar",43364,15,1,100.00,100.00,"3-50497","LOWER INTERFACE TUBE (LAC)",27.03000,2703.00,2703.00,"PeteB",4/27/2026 12:00:00 AM,4/24/2026 12:00:00 AM,1/14/2026 12:00:00 AM,"P000081425","",True
"Navitar",43364,16,1,1.00,1.00,"NRE & FAI CHARGE","TOOLING & STENCIL CHARGE FROM PO P000081425 LINE 8",775.00000,775.00,775.00,"PeteB",3/13/2026 12:00:00 AM,3/13/2026 12:00:00 AM,1/14/2026 12:00:00 AM,"P000081425","",True
"Navitar",43364,17,1,5.00,5.00,"3-50498","BEAMSPLITTER MOUNT",25.63000,128.15,128.15,"PeteB",3/13/2026 12:00:00 AM,3/13/2026 12:00:00 AM,1/14/2026 12:00:00 AM,"P000081425","",True
"Navitar",43364,18,1,95.00,95.00,"3-50498","BEAMSPLITTER MOUNT",25.63000,2434.85,2434.85,"PeteB",4/13/2026 12:00:00 AM,4/9/2026 12:00:00 AM,1/14/2026 12:00:00 AM,"P000081425","",True
"Navitar",43364,19,1,100.00,100.00,"3-50498","BEAMSPLITTER MOUNT",25.63000,2563.00,2563.00,"PeteB",5/22/2026 12:00:00 AM,5/20/2026 12:00:00 AM,1/14/2026 12:00:00 AM,"P000081425","",True
"Navitar",43364,20,1,100.00,100.00,"3-50498","BEAMSPLITTER MOUNT",25.63000,2563.00,2563.00,"PeteB",7/8/2026 12:00:00 AM,7/6/2026 12:00:00 AM,1/14/2026 12:00:00 AM,"P000081425","",True
"Navitar",43364,9,1,5.00,5.00,"3-50497","LOWER INTERFACE TUBE (LAC)",27.03000,135.15,135.15,"PeteB",3/13/2026 12:00:00 AM,3/11/2026 12:00:00 AM,1/14/2026 12:00:00 AM,"P000081425","",True
"Navitar",43364,10,1,95.00,95.00,"3-50497","LOWER INTERFACE TUBE (LAC)",27.03000,2567.85,2567.85,"PeteB",4/3/2026 12:00:00 AM,4/1/2026 12:00:00 AM,1/14/2026 12:00:00 AM,"P000081425","",True
"Navitar",43364,11,1,100.00,100.00,"3-50497","LOWER INTERFACE TUBE (LAC)",27.03000,2703.00,2703.00,"PeteB",5/22/2026 12:00:00 AM,5/20/2026 12:00:00 AM,1/14/2026 12:00:00 AM,"P000081425","",True
"Navitar",43364,12,1,100.00,100.00,"3-50497","LOWER INTERFACE TUBE (LAC)",27.03000,2703.00,2703.00,"PeteB",7/8/2026 12:00:00 AM,7/6/2026 12:00:00 AM,1/14/2026 12:00:00 AM,"P000081425","",True
"Navitar",43364,13,1,100.00,100.00,"3-50497","LOWER INTERFACE TUBE (LAC)",27.03000,2703.00,2703.00,"PeteB",8/19/2026 12:00:00 AM,8/17/2026 12:00:00 AM,1/14/2026 12:00:00 AM,"P000081425","",True
"Navitar",43364,14,1,100.00,100.00,"3-50497","LOWER INTERFACE TUBE (LAC)",27.03000,2703.00,2703.00,"PeteB",10/2/2026 12:00:00 AM,9/30/2026 12:00:00 AM,1/14/2026 12:00:00 AM,"P000081425","",True
"Navitar",43364,3,1,100.00,100.00,"3-50496","CONVERTER DOVETAIL",17.19000,1719.00,1719.00,"PeteB",5/22/2026 12:00:00 AM,5/20/2026 12:00:00 AM,1/14/2026 12:00:00 AM,"P000081425","",True
"Navitar",43364,4,1,100.00,100.00,"3-50496","CONVERTER DOVETAIL",17.19000,1719.00,1719.00,"PeteB",7/8/2026 12:00:00 AM,7/6/2026 12:00:00 AM,1/14/2026 12:00:00 AM,"P000081425","",True
"Navitar",43364,5,1,100.00,100.00,"3-50496","CONVERTER DOVETAIL",17.19000,1719.00,1719.00,"PeteB",8/19/2026 12:00:00 AM,8/17/2026 12:00:00 AM,1/14/2026 12:00:00 AM,"P000081425","",True
"Navitar",43364,6,1,100.00,100.00,"3-50496","CONVERTER DOVETAIL",17.19000,1719.00,1719.00,"PeteB",10/2/2026 12:00:00 AM,9/30/2026 12:00:00 AM,1/14/2026 12:00:00 AM,"P000081425","",True
"Navitar",43364,7,1,100.00,100.00,"3-50496","CONVERTER DOVETAIL",17.19000,1719.00,1719.00,"PeteB",11/16/2026 12:00:00 AM,11/12/2026 12:00:00 AM,1/14/2026 12:00:00 AM,"P000081425","",True
"Navitar",43364,8,1,1.00,1.00,"NRE & FAI CHARGE","TOOLING & STENCIL CHARGE FROM PO P000081425 LINE 8",500.00000,500.00,500.00,"PeteB",3/13/2026 12:00:00 AM,3/13/2026 12:00:00 AM,1/14/2026 12:00:00 AM,"P000081425","",True
"Navitar",43282,1,2,20.00,20.00,"3-61529","RT ANGLE BASE",93.05000,1861.00,1861.00,"PeteB",3/18/2026 12:00:00 AM,3/18/2026 12:00:00 AM,11/19/2025 12:00:00 AM,"P000081219","",True
"Navitar",43282,1,3,20.00,20.00,"3-61529","RT ANGLE BASE",93.05000,1861.00,1861.00,"PeteB",4/29/2026 12:00:00 AM,4/29/2026 12:00:00 AM,11/19/2025 12:00:00 AM,"P000081219","",True
"Navitar",43282,1,4,20.00,20.00,"3-61529","RT ANGLE BASE",93.05000,1861.00,1861.00,"PeteB",6/4/2026 12:00:00 AM,6/4/2026 12:00:00 AM,11/19/2025 12:00:00 AM,"P000081219","",True
"Navitar",43282,1,5,20.00,20.00,"3-61529","RT ANGLE BASE",93.05000,1861.00,1861.00,"PeteB",7/17/2026 12:00:00 AM,7/17/2026 12:00:00 AM,11/19/2025 12:00:00 AM,"P000081219","",True
"Navitar",43364,1,1,5.00,5.00,"3-50496","CONVERTER DOVETAIL",17.19000,85.95,85.95,"PeteB",3/13/2026 12:00:00 AM,3/11/2026 12:00:00 AM,1/14/2026 12:00:00 AM,"P000081425","",True
"Navitar",43364,2,1,95.00,95.00,"3-50496","CONVERTER DOVETAIL",17.19000,1633.05,1633.05,"PeteB",4/3/2026 12:00:00 AM,4/3/2026 12:00:00 AM,1/14/2026 12:00:00 AM,"P000081425","",True
"Navitar",43016,46,1,20.00,20.00,"3-26697CO","CELL, ALIGNMENT",0.00000,0.00,0.00,"",2/2/2026 12:00:00 AM,2/2/2026 12:00:00 AM,6/16/2025 12:00:00 AM,"P000080533","",True
"Navitar",43016,47,1,41.00,41.00,"3-26698CO","RETAINER",0.00000,0.00,0.00,"",2/2/2026 12:00:00 AM,2/2/2026 12:00:00 AM,6/16/2025 12:00:00 AM,"P000080533","",True
"Navitar",43016,48,1,9.00,9.00,"3-26699CO","SPACER BC",0.00000,0.00,0.00,"",2/2/2026 12:00:00 AM,2/2/2026 12:00:00 AM,6/16/2025 12:00:00 AM,"P000080533","",True
"Navitar",43016,49,1,75.00,75.00,"3-26700CO","SPACER CD",0.00000,0.00,0.00,"",2/2/2026 12:00:00 AM,2/2/2026 12:00:00 AM,6/16/2025 12:00:00 AM,"P000080533","",True
"Navitar",43280,1,1,46.00,46.00,"3-62834","SPACER",20.58000,946.68,946.68,"PeteB",3/13/2026 12:00:00 AM,3/12/2026 12:00:00 AM,11/19/2025 12:00:00 AM,"P000081190","",True
"Navitar",43282,1,1,20.00,20.00,"3-61529","RT ANGLE BASE",93.05000,1861.00,1861.00,"PeteB",2/13/2026 12:00:00 AM,2/13/2026 12:00:00 AM,11/19/2025 12:00:00 AM,"P000081219","",True
"Sealing Devices Inc.",43287,1,1,2500.00,2500.00,"41A213356P27","COPPER WASHER PER DWG. 41A213356 PART 27",2.66000,6650.00,6650.00,"Dawn K",4/24/2026 12:00:00 AM,4/24/2026 12:00:00 AM,11/24/2025 12:00:00 AM,"333113","",True
"Sealing Devices Inc.",43288,1,2,13000.00,13000.00,"VTOT10116","SEALING RING",14.51000,188630.00,188630.00,"",4/13/2026 12:00:00 AM,4/13/2026 12:00:00 AM,11/24/2025 12:00:00 AM,"333179","",True
"Sealing Devices Inc.",43291,1,1,5000.00,5000.00,"41A213356P23","COPPER GASKET..PER DWG. 41A213356 PART 23",2.06000,10300.00,10300.00,"Dawn K",4/20/2026 12:00:00 AM,4/20/2026 12:00:00 AM,12/1/2025 12:00:00 AM,"333314","",True
"Sealing Devices Inc.",43321,1,1,11300.00,11300.00,"41A213356P23","COPPER GASKET..PER DWG. 41A213356 PART 23",2.04000,23052.00,23052.00,"",3/20/2026 12:00:00 AM,3/18/2026 12:00:00 AM,12/16/2025 12:00:00 AM,"334061","",True
"Sealing Devices Inc.",43321,2,1,5000.00,5000.00,"41A213356P23","COPPER GASKET..PER DWG. 41A213356 PART 23",2.04000,10200.00,10200.00,"",4/20/2026 12:00:00 AM,4/17/2026 12:00:00 AM,12/16/2025 12:00:00 AM,"334061","",True
"Sealing Devices Inc.",43321,3,1,5000.00,5000.00,"41A213356P23","COPPER GASKET..PER DWG. 41A213356 PART 23",2.04000,10200.00,10200.00,"",5/26/2026 12:00:00 AM,5/22/2026 12:00:00 AM,12/16/2025 12:00:00 AM,"334061","",True
"Sealing Devices Inc.",43376,2,1,7000.00,7000.00,"41A213356P23","COPPER GASKET..PER DWG. 41A213356 PART 23",2.04000,14280.00,14280.00,"Dawn K",10/21/2026 12:00:00 AM,10/19/2026 12:00:00 AM,1/22/2026 12:00:00 AM,"335392","",True
"Sealing Devices Inc.",43376,3,1,8200.00,8200.00,"41A213356P23","COPPER GASKET..PER DWG. 41A213356 PART 23",2.04000,16728.00,16728.00,"Dawn K",11/23/2026 12:00:00 AM,11/19/2026 12:00:00 AM,1/22/2026 12:00:00 AM,"335392","",True
"Sealing Devices Inc.",43321,4,1,5000.00,5000.00,"41A213356P23","COPPER GASKET..PER DWG. 41A213356 PART 23",2.04000,10200.00,10200.00,"",6/22/2026 12:00:00 AM,6/19/2026 12:00:00 AM,12/16/2025 12:00:00 AM,"334061","",True
"Sealing Devices Inc.",43321,5,1,5000.00,5000.00,"41A213356P23","COPPER GASKET..PER DWG. 41A213356 PART 23",2.04000,10200.00,10200.00,"",7/20/2026 12:00:00 AM,7/17/2026 12:00:00 AM,12/16/2025 12:00:00 AM,"334061","",True
"Sealing Devices Inc.",43321,6,1,5000.00,5000.00,"41A213356P23","COPPER GASKET..PER DWG. 41A213356 PART 23",2.04000,10200.00,10200.00,"",9/1/2026 12:00:00 AM,8/28/2026 12:00:00 AM,12/16/2025 12:00:00 AM,"334061","",True
"Sealing Devices Inc.",43345,1,1,1200.00,1200.00,"84A228904P5","Fuel Injector Washer          
Copper Washer",13.18000,15816.00,15816.00,"Dawn K",6/15/2026 12:00:00 AM,6/11/2026 12:00:00 AM,1/8/2026 12:00:00 AM,"334392","",True
"Sealing Devices Inc.",43350,1,1,24.00,24.00,"84B536863P1","Cover",83.21000,1997.04,1997.04,"Dawn K",3/4/2026 12:00:00 AM,3/2/2026 12:00:00 AM,1/9/2026 12:00:00 AM,"334888","",True
"Sealing Devices Inc.",43376,1,1,8900.00,8900.00,"41A213356P23","COPPER GASKET..PER DWG. 41A213356 PART 23",2.04000,18156.00,18156.00,"Dawn K",8/31/2026 12:00:00 AM,8/31/2026 12:00:00 AM,1/22/2026 12:00:00 AM,"335392","",True
"Raytheon EO Innovations",43252,1,2,44.00,44.00,"D1438088-1","COVER, MAGNET",26.22000,1153.68,1153.68,"",7/24/2026 12:00:00 AM,7/24/2026 12:00:00 AM,11/6/2025 12:00:00 AM,"4203201593","Price quoted does not include potential impact to cost due to the possibility of added tariffs, freight, and fuel charges unforeseen at the time of proposal. To preserve purity of unit price, and should the need arise to address this concern, it will be processed and invoiced as a separate surcharge for each part shipped. If desired otherwise, piece price can be adjusted accordingly. 
 
Engineering review required prior to order acceptance.

• Weco Manufacturing to take exception to the following (unless otherwise noted);
 - PPAP (without the prior approval of QC Dept).
 - FAI (if unmentioned on Print, RFQ, or Quote).
 - Material or Process Certs (if unmentioned or if not required via DFARS on Print/Parts List, RFQ, or Quote).
 - Annual Product Revalidation.
 - Process Audits (without the prior approval of QC Dept).",True
"IDEX Optics & Photonics – Melles Griot",43297,1,1,50.00,50.00,"063539","BEAM DUMP, FAI / QUALIFICATION",9.05000,452.50,452.50,"",2/9/2026 12:00:00 AM,2/9/2026 12:00:00 AM,12/3/2025 12:00:00 AM,"1240302","PLEASE INCLUDE A 1PC FIRST ARTICLE INSPECTION REPORT WITH THIS DELIVERY",True
"IDEX Optics & Photonics – Melles Griot",43297,2,1,200.00,200.00,"063539","BEAM DUMP",9.05000,1810.00,1810.00,"",3/10/2026 12:00:00 AM,3/10/2026 12:00:00 AM,12/3/2025 12:00:00 AM,"1240302","",True
"IDEX Optics & Photonics – Melles Griot",43323,1,1,50.00,50.00,"063605","BARREL, OBJ",140.42000,7021.00,7021.00,"",4/21/2026 12:00:00 AM,4/17/2026 12:00:00 AM,12/17/2025 12:00:00 AM,"1241135","",True
"IDEX Optics & Photonics – Melles Griot",43323,2,1,50.00,50.00,"063605","BARREL, OBJ",140.42000,7021.00,7021.00,"",5/19/2026 12:00:00 AM,5/15/2026 12:00:00 AM,12/17/2025 12:00:00 AM,"1241135","",True
"IDEX Optics & Photonics – Melles Griot",43323,3,1,50.00,50.00,"063605","BARREL, OBJ",140.42000,7021.00,7021.00,"",6/17/2026 12:00:00 AM,6/15/2026 12:00:00 AM,12/17/2025 12:00:00 AM,"1241135","",True
"IDEX Optics & Photonics – Melles Griot",43323,4,1,50.00,50.00,"063605","BARREL, OBJ",140.42000,7021.00,7021.00,"",7/17/2026 12:00:00 AM,7/15/2026 12:00:00 AM,12/17/2025 12:00:00 AM,"1241135","",True
"IDEX Optics & Photonics – Melles Griot",43323,5,1,50.00,50.00,"063605","BARREL, OBJ",140.42000,7021.00,7021.00,"",8/20/2026 12:00:00 AM,8/18/2026 12:00:00 AM,12/17/2025 12:00:00 AM,"1241135","",True
"IDEX Optics & Photonics – Melles Griot",43323,6,1,50.00,50.00,"063605","BARREL, OBJ",140.42000,7021.00,7021.00,"",9/24/2026 12:00:00 AM,9/22/2026 12:00:00 AM,12/17/2025 12:00:00 AM,"1241135","",True
"TUFTS MEDICINE",43355,4,1,2.00,2.00,"08-0046","St. Mark Retractor, 62mm x 178mm w/ Lip",693.55000,1387.10,1387.10,"Dawn K",2/27/2026 12:00:00 AM,2/27/2026 12:00:00 AM,1/13/2026 12:00:00 AM,"2044192","",True
"TUFTS MEDICINE",43355,5,1,1.00,1.00,"08-0048","St. Mark Retractor, 62mm x 178mm",700.70000,700.70,700.70,"Dawn K",2/6/2026 12:00:00 AM,2/6/2026 12:00:00 AM,1/13/2026 12:00:00 AM,"2044192","",True
"VALLEY HEALTH",42985,1,1,3.00,3.00,"15-1000C","Ferguson Retractor Set",1716.00000,5148.00,5148.00,"Dawn K",8/29/2025 12:00:00 AM,3/27/2026 12:00:00 AM,5/28/2025 12:00:00 AM,"1098798","",True
"New York Presbyterian / Queens",43310,1,1,1.00,1.00,"01-0011","Fiber Optic Cable, 90in. long, 5.0mm dia., reinforced",557.70000,557.70,557.70,"Dawn K",12/31/2025 12:00:00 AM,3/27/2026 12:00:00 AM,12/11/2025 12:00:00 AM,"2000691875","",True
"WELLSTAR HEALTH SYSTEM",43354,2,1,1.00,1.00,"15-0224","Sawyer Rectal Retractor, Medium",686.40000,686.40,686.40,"Dawn K",2/20/2026 12:00:00 AM,2/20/2026 12:00:00 AM,1/12/2026 12:00:00 AM,"PO-100907405","",True
"WELLSTAR HEALTH SYSTEM",43367,2,1,2.00,2.00,"08-0070","ESI Deep Pelvic Retractor, Standard, Std. Handle",1085.37000,2170.74,2170.74,"Dawn K",2/27/2026 12:00:00 AM,2/25/2026 12:00:00 AM,1/16/2026 12:00:00 AM,"PO-100916233","",True
"STANFORD HEALTH CARE-TRI-VALLEY",43335,2,1,1.00,1.00,"08-0072","ESI Deep Pelvic Retractor, Narrow, Std. Handle",1085.37000,1085.37,1085.37,"Dawn K",2/6/2026 12:00:00 AM,2/6/2026 12:00:00 AM,12/29/2025 12:00:00 AM,"3000055332","",True
"STANFORD HEALTH CARE-TRI-VALLEY",43335,3,1,1.00,1.00,"08-0070","ESI Deep Pelvic Retractor, Standard, Std. Handle",1085.37000,1085.37,1085.37,"Dawn K",1/30/2026 12:00:00 AM,2/27/2026 12:00:00 AM,12/29/2025 12:00:00 AM,"3000055332","",True
