"Name","Order","Line","Rel","Selling Requested Qty","Job Number","Part","Part Description","Unit Price","Total Rel Dollar","Sales Reps","Need By","Ship By","Order Date","PO"
"Weco Manufacturing",43307,6,1,40.00,"043307-6-1","DT11738","Lug, Wire Rope Lifting ( Cylinder Side)",45.68000,1827.20,"ESTIM",2/27/2026 12:00:00 AM,2/27/2026 12:00:00 AM,12/9/2025 12:00:00 AM,"105034"
"Weco Manufacturing",43307,7,1,40.00,"043307-7-1","DT11755","Block, Pulley Mounting",60.66000,2426.40,"ESTIM",2/27/2026 12:00:00 AM,2/27/2026 12:00:00 AM,12/9/2025 12:00:00 AM,"105034"
"Weco Manufacturing",43308,2,1,40.00,"043308-2-1","DT16567","HOUSING, BEARING",59.42000,2376.80,"ESTIM",2/27/2026 12:00:00 AM,2/27/2026 12:00:00 AM,12/9/2025 12:00:00 AM,"105043"
"Weco Manufacturing",43339,1,1,100.00,"043339-1-1","DT11726","BLOCK, CAM ROLLER MOUNTING",32.70000,3270.00,"ESTIM",4/9/2026 12:00:00 AM,4/7/2026 12:00:00 AM,1/6/2026 12:00:00 AM,"105265"
"Weco Manufacturing",43340,2,1,40.00,"043340-2-1","DT11738","Lug, Wire Rope Lifting ( Cylinder Side)",45.68000,1827.20,"ESTIM",3/11/2026 12:00:00 AM,3/9/2026 12:00:00 AM,1/6/2026 12:00:00 AM,"105266"
"Weco Manufacturing",43340,3,1,40.00,"043340-3-1","DT11737","Lug, Wire Rope Lifting",63.94000,2557.60,"ESTIM",3/16/2026 12:00:00 AM,3/13/2026 12:00:00 AM,1/6/2026 12:00:00 AM,"105266"
"Weco Manufacturing",43360,2,2,40.00,"043360-2-1","DT17519-unwelded","PLATE, CONVEYOR END- UNWELDED",55.56000,2222.40,"ESTIM",3/17/2026 12:00:00 AM,3/17/2026 12:00:00 AM,1/13/2026 12:00:00 AM,"105327"
"Weco Manufacturing",43360,2,3,340.00,"043360-2-1","DT17519-unwelded","PLATE, CONVEYOR END- UNWELDED",55.56000,18890.40,"ESTIM",3/26/2026 12:00:00 AM,3/26/2026 12:00:00 AM,1/13/2026 12:00:00 AM,"105327"
"Weco Manufacturing",43361,1,1,120.00,"043361-1-1","DT31505","FLANGE",47.62000,5714.40,"ESTIM",3/4/2026 12:00:00 AM,3/4/2026 12:00:00 AM,1/13/2026 12:00:00 AM,"105337"
"Weco Manufacturing",43362,1,1,120.00,"043362-1-1","DT16567","HOUSING, BEARING",59.42000,7130.40,"ESTIM",3/12/2026 12:00:00 AM,3/12/2026 12:00:00 AM,1/13/2026 12:00:00 AM,"105335"
"Weco Manufacturing",43370,1,1,50.00,"043370-1-1","DT11726","BLOCK, CAM ROLLER MOUNTING",32.70000,1635.00,"ESTIM",2/20/2026 12:00:00 AM,2/20/2026 12:00:00 AM,1/20/2026 12:00:00 AM,"105411"
"Weco Manufacturing",43340,5,1,40.00,"043340-5-1","DT15722","CAM",48.97000,1958.80,"ESTIM",3/25/2026 12:00:00 AM,3/23/2026 12:00:00 AM,1/6/2026 12:00:00 AM,"105266"
"Weco Manufacturing",43340,6,1,40.00,"043340-6-1","DT16567","HOUSING, BEARING",59.42000,2376.80,"ESTIM",3/25/2026 12:00:00 AM,3/23/2026 12:00:00 AM,1/6/2026 12:00:00 AM,"105266"
"Weco Manufacturing",43340,7,1,40.00,"043340-7-1","DT11755","Block, Pulley Mounting",60.66000,2426.40,"ESTIM",3/31/2026 12:00:00 AM,3/27/2026 12:00:00 AM,1/6/2026 12:00:00 AM,"105266"
"Weco Manufacturing",43340,8,1,250.00,"043340-8-1","DT11726","BLOCK, CAM ROLLER MOUNTING",32.70000,8175.00,"ESTIM",4/14/2026 12:00:00 AM,4/10/2026 12:00:00 AM,1/6/2026 12:00:00 AM,"105266"
"Weco Manufacturing",43360,1,1,80.00,"043360-1-1","DT16502-unwelded","MOUNT HANDLE - RH unwelded",88.34000,7067.20,"ESTIM",4/6/2026 12:00:00 AM,4/3/2026 12:00:00 AM,1/13/2026 12:00:00 AM,"105327"
"Weco Manufacturing",43360,2,1,90.00,"043360-2-1","DT17519-unwelded","PLATE, CONVEYOR END- UNWELDED",55.56000,5000.40,"ESTIM",2/23/2026 12:00:00 AM,2/23/2026 12:00:00 AM,1/13/2026 12:00:00 AM,"105327"
"PTC PRECISION, LLC",43135,9,1,121.00,"043135-9-1","12571076-D02","(RMA 5162) D02",453.53000,54877.13,"",2/27/2026 12:00:00 AM,2/27/2026 12:00:00 AM,9/4/2025 12:00:00 AM,"19114"
"PTC PRECISION, LLC",43136,8,1,50.00,,"12571076-D04","D04",257.66000,12883.00,"",4/24/2026 12:00:00 AM,2/27/2026 12:00:00 AM,9/4/2025 12:00:00 AM,"19115"
"PTC PRECISION, LLC",43359,1,1,77.00,"043359-1-1","42245-601","HOUSING, WIDE ANGLE LWIR",148.84000,11460.68,"",4/13/2026 12:00:00 AM,4/13/2026 12:00:00 AM,1/13/2026 12:00:00 AM,"19358"
"PTC PRECISION, LLC",43359,2,1,1.00,"043359-2-1","FAI","FAI CHARGE 42245-601",250.00000,250.00,"",4/13/2026 12:00:00 AM,4/13/2026 12:00:00 AM,1/13/2026 12:00:00 AM,"19358"
"PTC PRECISION, LLC",43359,3,1,77.00,"043359-3-1","42245-602","CELL, LENS, BROWNOUT OLA",171.11000,13175.47,"",4/13/2026 12:00:00 AM,4/13/2026 12:00:00 AM,1/13/2026 12:00:00 AM,"19358"
"PTC PRECISION, LLC",43359,4,1,1.00,"043359-4-1","FAI","FAI CHARGE 42245-602",250.00000,250.00,"",4/13/2026 12:00:00 AM,4/13/2026 12:00:00 AM,1/13/2026 12:00:00 AM,"19358"
"PTC PRECISION, LLC",43359,11,1,70.00,"043359-11-1","42245-606","RING, JAM NUT",63.08000,4415.60,"",4/13/2026 12:00:00 AM,4/13/2026 12:00:00 AM,1/13/2026 12:00:00 AM,"19358"
"PTC PRECISION, LLC",43359,12,1,1.00,"043359-12-1","FAI","FAI CHARGE 42245-606",250.00000,250.00,"",4/13/2026 12:00:00 AM,4/13/2026 12:00:00 AM,1/13/2026 12:00:00 AM,"19358"
"PTC PRECISION, LLC",43359,13,1,77.00,"043359-13-1","42245-608","LENS CAP",1.00000,77.00,"",4/13/2026 12:00:00 AM,4/13/2026 12:00:00 AM,1/13/2026 12:00:00 AM,"19358"
"PTC PRECISION, LLC",43359,14,1,1.00,"043359-14-1","FAI","FAI CHARGE 42245-608",250.00000,250.00,"",4/13/2026 12:00:00 AM,4/13/2026 12:00:00 AM,1/13/2026 12:00:00 AM,"19358"
"PTC PRECISION, LLC",43359,5,1,80.00,"043359-5-1","42245-603","RETAINER, ELEMENT #1          
LENS ASSY",59.92000,4793.60,"",4/13/2026 12:00:00 AM,4/13/2026 12:00:00 AM,1/13/2026 12:00:00 AM,"19358"
"PTC PRECISION, LLC",43359,6,1,1.00,"043359-6-1","FAI","FAI CHARGE 42245-603",250.00000,250.00,"",4/13/2026 12:00:00 AM,4/13/2026 12:00:00 AM,1/13/2026 12:00:00 AM,"19358"
"PTC PRECISION, LLC",43359,7,1,68.00,"043359-7-1","42245-604","RETAINER, ELEMENT #2,         
LENS ASSY",63.36000,4308.48,"",4/13/2026 12:00:00 AM,4/13/2026 12:00:00 AM,1/13/2026 12:00:00 AM,"19358"
"PTC PRECISION, LLC",43359,8,1,1.00,"043359-8-1","FAI","FAI CHARGE 42245-604",250.00000,250.00,"",4/13/2026 12:00:00 AM,4/13/2026 12:00:00 AM,1/13/2026 12:00:00 AM,"19358"
"PTC PRECISION, LLC",43359,9,1,60.00,"043359-9-1","42245-605","RING, FOCUS ADJUST",79.13000,4747.80,"",4/13/2026 12:00:00 AM,4/13/2026 12:00:00 AM,1/13/2026 12:00:00 AM,"19358"
"PTC PRECISION, LLC",43359,10,1,1.00,"043359-10-1","FAI","FAI CHARGE 42245-605",250.00000,250.00,"",4/13/2026 12:00:00 AM,4/13/2026 12:00:00 AM,1/13/2026 12:00:00 AM,"19358"
"Turbett Surgical Inc.",42688,2,1,3.00,"042688-2-1","TS1200","Container - Mid",3891.53000,11674.59,"DZink",11/26/2025 12:00:00 AM,2/27/2030 12:00:00 AM,11/26/2024 12:00:00 AM,"P101093-2"
"Turbett Surgical Inc.",42688,2,2,3.00,"042688-2-2","TS1200","Container - Mid",3891.53000,11674.59,"DZink",11/26/2025 12:00:00 AM,3/31/2030 12:00:00 AM,11/26/2024 12:00:00 AM,"P101093-2"
"Turbett Surgical Inc.",42688,2,3,3.00,"042688-2-3","TS1200","Container - Mid",3891.53000,11674.59,"DZink",11/26/2025 12:00:00 AM,4/30/2030 12:00:00 AM,11/26/2024 12:00:00 AM,"P101093-2"
"Turbett Surgical Inc.",42688,2,4,3.00,"042688-2-4","TS1200","Container - Mid",3891.53000,11674.59,"DZink",11/26/2025 12:00:00 AM,5/29/2030 12:00:00 AM,11/26/2024 12:00:00 AM,"P101093-2"
"Turbett Surgical Inc.",42688,2,5,3.00,"042688-2-5","TS1200","Container - Mid",3891.53000,11674.59,"DZink",11/21/2025 12:00:00 AM,6/30/2030 12:00:00 AM,11/26/2024 12:00:00 AM,"P101093-2"
"Turbett Surgical Inc.",42688,2,6,3.00,"042688-2-6","TS1200","Container - Mid",3891.53000,11674.59,"DZink",12/19/2025 12:00:00 AM,7/31/2030 12:00:00 AM,11/26/2024 12:00:00 AM,"P101093-2"
"Turbett Surgical Inc.",42922,2,1,20.00,"042688-6-1","TS1565","INNER DOOR SCREEN ASSM",451.96000,9039.20,"DZink",7/8/2025 12:00:00 AM,2/27/2026 12:00:00 AM,4/15/2025 12:00:00 AM,"P101216-2"
"Turbett Surgical Inc.",42688,4,4,10.00,"042688-4-4","TS1500","Unit - Large",4649.80000,46498.00,"DZink",9/19/2025 12:00:00 AM,2/27/2026 12:00:00 AM,11/26/2024 12:00:00 AM,"P101093-2"
"Turbett Surgical Inc.",42688,4,5,10.00,"042688-4-5","TS1500","Unit - Large",4649.80000,46498.00,"DZink",10/17/2025 12:00:00 AM,3/31/2026 12:00:00 AM,11/26/2024 12:00:00 AM,"P101093-2"
"Turbett Surgical Inc.",42688,4,6,10.00,"042688-4-6","TS1500","Unit - Large",4649.80000,46498.00,"DZink",11/21/2025 12:00:00 AM,4/30/2026 12:00:00 AM,11/26/2024 12:00:00 AM,"P101093-2"
"Turbett Surgical Inc.",42688,4,7,10.00,"042688-4-7","TS1500","Unit - Large",4649.80000,46498.00,"DZink",12/19/2025 12:00:00 AM,5/29/2026 12:00:00 AM,11/26/2024 12:00:00 AM,"P101093-2"
"Turbett Surgical Inc.",42688,4,8,5.00,"042688-4-8","TS1500","Unit - Large",4649.80000,23249.00,"DZink",1/16/2026 12:00:00 AM,6/30/2026 12:00:00 AM,11/26/2024 12:00:00 AM,"P101093-2"
"Turbett Surgical Inc.",42922,1,1,20.00,"042688-5-1","TS1571","OUTER DOOR ASSEMBLY W/ LATCH POSTS",1155.00000,23100.00,"DZink",7/8/2025 12:00:00 AM,2/27/2026 12:00:00 AM,4/15/2025 12:00:00 AM,"P101216-2"
"Turbett Surgical Inc.",42688,2,7,3.00,"042688-2-7","TS1200","Container - Mid",3891.53000,11674.59,"DZink",1/16/2026 12:00:00 AM,8/31/2030 12:00:00 AM,11/26/2024 12:00:00 AM,"P101093-2"
"Turbett Surgical Inc.",42688,2,8,3.00,"042688-2-8","TS1200","Container - Mid",3891.53000,11674.59,"DZink",2/20/2026 12:00:00 AM,9/30/2030 12:00:00 AM,11/26/2024 12:00:00 AM,"P101093-2"
"Turbett Surgical Inc.",42688,2,9,3.00,"042688-2-9","TS1200","Container - Mid",3891.53000,11674.59,"DZink",3/20/2026 12:00:00 AM,10/30/2030 12:00:00 AM,11/26/2024 12:00:00 AM,"P101093-2"
"Turbett Surgical Inc.",42688,2,10,3.00,"042688-2-10","TS1200","Container - Mid",3891.53000,11674.59,"DZink",4/17/2026 12:00:00 AM,11/30/2030 12:00:00 AM,11/26/2024 12:00:00 AM,"P101093-2"
"Turbett Surgical Inc.",42688,2,11,5.00,"042688-2-11","TS1200","Container - Mid",3891.53000,19457.65,"DZink",5/15/2026 12:00:00 AM,12/31/2030 12:00:00 AM,11/26/2024 12:00:00 AM,"P101093-2"
"Turbett Surgical Inc.",42688,4,3,10.00,"042688-4-3","TS1500","Unit - Large",4649.80000,46498.00,"DZink",8/15/2025 12:00:00 AM,1/30/2026 12:00:00 AM,11/26/2024 12:00:00 AM,"P101093-2"
"ASCENSION HEALTH",43304,1,1,2.00,,"15-0231","Fansler Operating Speculum, Long",994.55000,1989.10,"",2/24/2026 12:00:00 AM,2/24/2026 12:00:00 AM,12/8/2025 12:00:00 AM,"340140000262880"
"ATLANTIC HEALTH SYSTEM",43185,4,1,1.00,,"15-0210","Pratt Rectal Speculum",725.01000,725.01,"",1/30/2026 12:00:00 AM,2/27/2026 12:00:00 AM,10/2/2025 12:00:00 AM,"AHS-1330028"
"ATLANTIC HEALTH SYSTEM",43187,4,1,1.00,,"15-0210","Pratt Rectal Speculum",725.01000,725.01,"",1/30/2026 12:00:00 AM,2/27/2026 12:00:00 AM,10/3/2025 12:00:00 AM,"AHS-1330029"
"CLEVELAND CLINIC HEALTH SYSTEMS",43256,1,1,4.00,,"15-0182","Hirschman Anoscope, Medium, 3/4""  x 2-3/4""",750.75000,3003.00,"",1/23/2026 12:00:00 AM,2/27/2026 12:00:00 AM,11/10/2025 12:00:00 AM,"CCF26720629"
"CLEVELAND CLINIC HEALTH SYSTEMS",43318,2,1,1.00,,"08-0072","ESI Deep Pelvic Retractor, Narrow, Std. Handle",1085.37000,1085.37,"",2/13/2026 12:00:00 AM,2/13/2026 12:00:00 AM,12/15/2025 12:00:00 AM,"CCF26852191"
"CLEVELAND CLINIC HEALTH SYSTEMS",43325,1,1,4.00,,"15-0184","Hirschman Anoscope, Large, 15/16"" x 2-3/4""",750.75000,3003.00,"",3/2/2026 12:00:00 AM,3/2/2026 12:00:00 AM,12/17/2025 12:00:00 AM,"CCF26863943"
"CLEVELAND CLINIC HEALTH SYSTEMS",43353,1,1,2.00,,"15-0171","CCF Hirschman Anoscope, 15/16â€ dia. x 2-3/4â€ long,  1-1/2â€ bevel w/ rounded obturator tip",750.75000,1501.50,"",3/17/2026 12:00:00 AM,3/17/2026 12:00:00 AM,1/12/2026 12:00:00 AM,"CCF26949003"
"CLEVELAND CLINIC HEALTH SYSTEMS",43372,1,1,1.00,,"08-0049S","St. Mark Retractor, 62mm x 254mm w/  Lip And Angled blade",896.61000,896.61,"",3/17/2026 12:00:00 AM,3/13/2026 12:00:00 AM,1/20/2026 12:00:00 AM,"CCF26981972"
"CLEVELAND CLINIC HEALTH SYSTEMS",43374,1,1,4.00,,"15-0171","CCF Hirschman Anoscope, 15/16â€ dia. x 2-3/4â€ long,  1-1/2â€ bevel w/ rounded obturator tip",750.75000,3003.00,"",3/31/2026 12:00:00 AM,3/26/2026 12:00:00 AM,1/21/2026 12:00:00 AM,"CCF26990310"
"CLEVELAND CLINIC HEALTH SYSTEMS",43375,1,1,3.00,,"15-0230","Fansler Operating Speculum, Standard",994.55000,2983.65,"",4/16/2026 12:00:00 AM,4/13/2026 12:00:00 AM,1/21/2026 12:00:00 AM,"CCF26991214"
"CLEVELAND CLINIC HEALTH SYSTEMS",43375,2,1,3.00,,"01-0350","Quick-On Fiber Optic Cable, 3.5mm dia., 90""in long",407.55000,1222.65,"",4/16/2026 12:00:00 AM,4/14/2026 12:00:00 AM,1/21/2026 12:00:00 AM,"CCF26991214"
"ConMed Corporation",43283,1,1,100.00,"043283-1-1","016-107-1013","Upper Ball",99.58000,9958.00,"",2/10/2026 12:00:00 AM,2/3/2026 12:00:00 AM,11/19/2025 12:00:00 AM,"324570"
"ConMed Corporation",43334,1,1,200.00,"043334-1-1","016-111-1013","Seal Plate",32.87000,6574.00,"",2/10/2026 12:00:00 AM,2/6/2026 12:00:00 AM,12/24/2025 12:00:00 AM,"324619"
"ConMed Corporation",43337,1,1,250.00,"043337-1-1","P000019165","Fixed Arm Assembly",224.35000,56087.50,"",3/31/2026 12:00:00 AM,3/27/2026 12:00:00 AM,12/30/2025 12:00:00 AM,"324620"
"ConMed Corporation",43358,1,1,150.00,"043358-1-1","016-105-1009","S Rod Seal Ring",22.87000,3430.50,"",3/24/2026 12:00:00 AM,3/24/2026 12:00:00 AM,1/13/2026 12:00:00 AM,"324633"
"ConMed Corporation",43358,2,1,150.00,"043358-1-1","016-105-1009","S Rod Seal Ring",22.87000,3430.50,"",8/11/2026 12:00:00 AM,8/7/2026 12:00:00 AM,1/13/2026 12:00:00 AM,"324633"
"DARTMOUTH HITCHCOCK MEDICAL CENTER",43383,1,1,1.00,"52862","REPAIR","REPAIR OF15-0172 Job 27766 REPLACE LIGHT CARRIER, CLEAN AND POLISH.",300.00000,300.00,"",2/27/2026 12:00:00 AM,2/24/2026 12:00:00 AM,1/27/2026 12:00:00 AM,"0002305133"
"DARTMOUTH HITCHCOCK MEDICAL CENTER",43383,2,1,1.00,"52861","REPAIR","REPAIR OF 15-0170 JOB 30511 REPLACE LIGHT CARRIER, CLEAN AND POLISH.  ADJUST STICKING OBTURATOR.",300.00000,300.00,"",2/27/2026 12:00:00 AM,2/24/2026 12:00:00 AM,1/27/2026 12:00:00 AM,"0002305133"
"FROEDTERT HOSPITAL",43278,1,1,5.00,,"15-0182","Hirschman Anoscope, Medium, 3/4""  x 2-3/4""",750.75000,3753.75,"",2/6/2026 12:00:00 AM,2/6/2026 12:00:00 AM,11/19/2025 12:00:00 AM,"807411"
"HARTFORD HEALTHCARE MEDICAL GROUP",43275,1,1,3.00,,"15-0182","Hirschman Anoscope, Medium, 3/4""  x 2-3/4""",750.75000,2252.25,"",2/6/2026 12:00:00 AM,2/6/2026 12:00:00 AM,11/18/2025 12:00:00 AM,"2002458052"
"HARTFORD HEALTHCARE MEDICAL GROUP",43300,1,1,4.00,,"15-0182","Hirschman Anoscope, Medium, 3/4""  x 2-3/4""",750.75000,3003.00,"",2/19/2026 12:00:00 AM,2/19/2026 12:00:00 AM,12/4/2025 12:00:00 AM,"2002474552"
"HARTFORD HEALTHCARE MEDICAL GROUP",43341,1,1,4.00,,"15-0192","Buie-Hirsh. Anoscope, Medium, 3/4""  x 3-15/16""",750.75000,3003.00,"",3/13/2026 12:00:00 AM,3/10/2026 12:00:00 AM,1/7/2026 12:00:00 AM,"2002501858"
"KAISER PERMANENTE",42930,1,1,1.00,,"15-0272","Armstrong Tri-slot Tapered Anoscope",715.00000,715.00,"",,3/27/2026 12:00:00 AM,4/21/2025 12:00:00 AM,"08512-0000811794"
"MOUNT SINAI MEDICAL CENTER",43237,1,1,4.00,,"15-0234","Chelsea-Eaton Operating Speculum",852.96000,3411.84,"",1/7/2026 12:00:00 AM,2/6/2026 12:00:00 AM,10/30/2025 12:00:00 AM,"730079"
"MOUNT SINAI MEDICAL CENTER",43389,1,1,2.00,,"01-0350","Quick-On Fiber Optic Cable, 3.5mm dia., 90""in long",407.55000,815.10,"",4/23/2026 12:00:00 AM,4/23/2026 12:00:00 AM,1/28/2026 12:00:00 AM,"59-0624424"
"MOUNT SINAI MEDICAL CENTER",43389,2,1,2.00,,"15-0234","Chelsea-Eaton Operating Speculum",852.96000,1705.92,"",4/23/2026 12:00:00 AM,4/20/2026 12:00:00 AM,1/28/2026 12:00:00 AM,"59-0624424"
"OCHSNER FOUNDATION HOSPITAL",43277,1,1,2.00,,"MSK061316","ESI Custom (Extended) standard Deep Pelvic Retractor Fazio Handle",1800.00000,3600.00,"",12/31/2025 12:00:00 AM,2/27/2026 12:00:00 AM,11/18/2025 12:00:00 AM,"15001073602"
"OCHSNER FOUNDATION HOSPITAL",43277,2,1,1.00,,"MSK061416","ESI Custom (Extended)Narrow Deep Pelvic Retractor, Fazio Handle",1800.00000,1800.00,"",12/31/2025 12:00:00 AM,2/27/2026 12:00:00 AM,11/18/2025 12:00:00 AM,"15001073602"
"OCHSNER FOUNDATION HOSPITAL",43320,1,1,2.00,,"MSK061316","ESI Custom (Extended) standard Deep Pelvic Retractor Fazio Handle",1800.00000,3600.00,"",2/23/2026 12:00:00 AM,2/23/2026 12:00:00 AM,12/15/2025 12:00:00 AM,"15001089593"
"OCHSNER FOUNDATION HOSPITAL",43320,2,1,2.00,,"08-0070","ESI Deep Pelvic Retractor, Standard, Std. Handle",1085.37000,2170.74,"",2/6/2026 12:00:00 AM,2/6/2026 12:00:00 AM,12/15/2025 12:00:00 AM,"15001089593"
"OCHSNER FOUNDATION HOSPITAL",43385,1,1,2.00,,"MSK061316","ESI Custom (Extended) standard Deep Pelvic Retractor Fazio Handle",1800.00000,3600.00,"",4/30/2026 12:00:00 AM,4/30/2026 12:00:00 AM,1/27/2026 12:00:00 AM,"15001115312"
"OHIO HEALTH COLON AND RECTAL",43366,1,1,2.00,"52843","REPAIR","REPAIR OF 15-0194 REPLACE LIGHT CARRIER CLEAN AND POLISH",300.00000,600.00,"",2/13/2026 12:00:00 AM,2/13/2026 12:00:00 AM,1/15/2026 12:00:00 AM,"PO-12088324"
"SENTARA HEALTH SYSTEM",43326,1,1,5.00,,"01-0350","Quick-On Fiber Optic Cable, 3.5mm dia., 90""in long",407.55000,2037.75,"",1/30/2026 12:00:00 AM,2/27/2026 12:00:00 AM,12/18/2025 12:00:00 AM,"SH01988539"
"SHARP HEALTHCARE",42530,1,1,7.00,,"15-0276NL","Martin-Davis Anoscope, Small, No Light",629.20000,4404.40,"",11/27/2025 12:00:00 AM,3/27/2026 12:00:00 AM,8/12/2024 12:00:00 AM,"PO3543021"
"STANFORD HEALTHCARE",43279,1,1,1.00,,"15-0180","Hirschman Anoscope, Small, 5/8"" x 2-3/4""",750.75000,750.75,"",2/9/2026 12:00:00 AM,2/9/2026 12:00:00 AM,11/19/2025 12:00:00 AM,"1000328409"
"STANFORD HEALTHCARE",43279,2,1,1.00,,"15-0182","Hirschman Anoscope, Medium, 3/4""  x 2-3/4""",750.75000,750.75,"",2/6/2026 12:00:00 AM,2/6/2026 12:00:00 AM,11/19/2025 12:00:00 AM,"1000328409"
"STANFORD HEALTHCARE",43279,3,1,1.00,,"15-0184","Hirschman Anoscope, Large, 15/16"" x 2-3/4""",750.75000,750.75,"",2/13/2026 12:00:00 AM,2/13/2026 12:00:00 AM,11/19/2025 12:00:00 AM,"1000328409"
"STANFORD HEALTHCARE",43324,1,1,2.00,,"08-0046","St. Mark Retractor, 62mm x 178mm w/ Lip",693.55000,1387.10,"",2/27/2026 12:00:00 AM,2/24/2026 12:00:00 AM,12/17/2025 12:00:00 AM,"1000348813"
"STANFORD HEALTHCARE",43332,1,1,2.00,,"15-0174","CCF Hirschman Anoscope, 15/16"". x 4"" long,  1-1/2"" bevel w/ rounded obturator tip",750.75000,1501.50,"",3/6/2026 12:00:00 AM,3/6/2026 12:00:00 AM,12/22/2025 12:00:00 AM,"1000351146"
"SUNY UPSTATE MEDICAL UNIVERSITY",43387,1,1,4.00,,"15-0244","Hill Ferguson Rectal Retractor, Extra Large",750.75000,3003.00,"",3/11/2026 12:00:00 AM,3/11/2026 12:00:00 AM,1/27/2026 12:00:00 AM,"7571657-0-K"
"UNIVERSITY HOSPITALS OF CLEVELAND",43351,1,1,15.00,,"15-0240","Hill Ferguson Rectal Retractor, Small",750.75000,11261.25,"",2/27/2026 12:00:00 AM,2/27/2026 12:00:00 AM,1/12/2026 12:00:00 AM,"4141144"
"UNIVERSITY HOSPITALS OF CLEVELAND",43351,2,1,15.00,,"15-0241","Hill Ferguson Rectal Retractor, Medium",750.75000,11261.25,"",2/27/2026 12:00:00 AM,2/27/2026 12:00:00 AM,1/12/2026 12:00:00 AM,"4141144"
"UNIVERSITY HOSPITALS OF CLEVELAND",43351,3,1,15.00,,"15-0242","Hill Ferguson Rectal Retractor, Large",750.75000,11261.25,"",2/27/2026 12:00:00 AM,2/27/2026 12:00:00 AM,1/12/2026 12:00:00 AM,"4141144"
"UNIVERSITY HOSPITALS OF CLEVELAND",43351,4,1,15.00,,"01-0350-10","Quick-On Fiber Optic Cable, 3.5mm dia., 120in. length",471.90000,7078.50,"",2/27/2026 12:00:00 AM,2/27/2026 12:00:00 AM,1/12/2026 12:00:00 AM,"4141144"
"UNIVERSITY OF ARKANSAS",42591,2,1,5.00,,"15-0272","Armstrong Tri-slot Tapered Anoscope",715.00000,3575.00,"",,3/27/2026 12:00:00 AM,9/25/2024 12:00:00 AM,"PO-1000417045"
"UNIVERSITY OF TOLEDO MEDICAL CENTER",43392,1,1,1.00,,"15-0242","Hill Ferguson Rectal Retractor, Large",750.75000,750.75,"",3/20/2026 12:00:00 AM,3/17/2026 12:00:00 AM,1/30/2026 12:00:00 AM,"1611495"
"UPMC HEALTH SYSTEM",43216,1,1,1.00,,"15-0210","Pratt Rectal Speculum",613.47000,613.47,"",1/30/2026 12:00:00 AM,2/27/2026 12:00:00 AM,10/20/2025 12:00:00 AM,"0012684383"
"V A MEDICAL CENTER - PITTSBURGH",43330,1,1,6.00,,"15-5011","Replacement Light Carrier for Ultrasound 20cm",369.07000,2214.42,"",2/6/2026 12:00:00 AM,2/6/2026 12:00:00 AM,12/22/2025 12:00:00 AM,"646-R6E403"
"V A MEDICAL CENTER - PITTSBURGH",43330,2,1,6.00,,"15-5012","Replacement Light Carrier for Ultrasound 14cm",369.07000,2214.42,"",2/6/2026 12:00:00 AM,2/6/2026 12:00:00 AM,12/22/2025 12:00:00 AM,"646-R6E403"
"V A MEDICAL CENTER - PITTSBURGH",43330,3,1,4.00,,"01-0011","Fiber Optic Cable, 90in. long, 5.0mm dia., reinforced",557.70000,2230.80,"",2/6/2026 12:00:00 AM,2/6/2026 12:00:00 AM,12/22/2025 12:00:00 AM,"646-R6E403"
"Northwest Hospital System",43391,1,1,4.00,,"15-0234","Chelsea-Eaton Operating Speculum",852.96000,3411.84,"",4/24/2026 12:00:00 AM,4/21/2026 12:00:00 AM,1/30/2026 12:00:00 AM,"50392236-OR"
"Northwest Hospital System",43391,2,1,1.00,,"31-1082","Lockhart-Mummery Fistula Director, 4, ss",503.36000,503.36,"",2/6/2026 12:00:00 AM,2/6/2026 12:00:00 AM,1/30/2026 12:00:00 AM,"50392236-OR"
"Northwest Hospital System",43391,3,1,2.00,,"01-0011","Fiber Optic Cable, 90in. long, 5.0mm dia., reinforced",557.70000,1115.40,"",2/27/2026 12:00:00 AM,2/27/2026 12:00:00 AM,1/30/2026 12:00:00 AM,"50392236-OR"
"MONTEFIORE MEDICAL CENTER",43240,1,1,1.00,,"15-0232","Chelsea-Eaton Examining Speculum",852.96000,852.96,"",1/20/2026 12:00:00 AM,2/27/2026 12:00:00 AM,10/31/2025 12:00:00 AM,"2400154439-CPTL"
"MONTEFIORE MEDICAL CENTER",43240,2,1,1.00,,"15-0234","Chelsea-Eaton Operating Speculum",852.96000,852.96,"",1/15/2026 12:00:00 AM,2/27/2026 12:00:00 AM,10/31/2025 12:00:00 AM,"2400154439-CPTL"
"MONTEFIORE MEDICAL CENTER",43240,3,1,1.00,,"15-0210","Pratt Rectal Speculum",613.47000,613.47,"",1/30/2026 12:00:00 AM,2/27/2026 12:00:00 AM,10/31/2025 12:00:00 AM,"2400154439-CPTL"
"MONTEFIORE MEDICAL CENTER",43240,10,1,1.00,,"01-0011","Fiber Optic Cable, 90in. long, 5.0mm dia., reinforced",557.70000,557.70,"",11/26/2025 12:00:00 AM,1/30/2026 12:00:00 AM,10/31/2025 12:00:00 AM,"2400154439-CPTL"
"COLON & RECTAL SURGICAL SPECIALISTS OF NY",43348,1,1,1.00,,"15-0234O","Chelsea-Eaton Operating SPECULUM, OBTURATOR ONLY.",260.00000,260.00,"",2/20/2026 12:00:00 AM,2/17/2026 12:00:00 AM,1/9/2026 12:00:00 AM,"PB01092026"
"SKY RIDGE SURGICAL CTR",43388,1,1,2.00,,"15-0244C","Set of 4 Hill Fergusons, 1 of each size",2777.78000,5555.56,"",3/18/2026 12:00:00 AM,3/13/2026 12:00:00 AM,1/27/2026 12:00:00 AM,"188844"
"TRINITY HEALTH",43286,7,1,2.00,,"08-0048","St. Mark Retractor, 62mm x 178mm",700.70000,1401.40,"",1/26/2026 12:00:00 AM,2/27/2026 12:00:00 AM,11/21/2025 12:00:00 AM,"330010000288740"
"TRINITY HEALTH",43286,9,1,2.00,,"08-0070","ESI Deep Pelvic Retractor, Standard, Std. Handle",1085.37000,2170.74,"",2/4/2026 12:00:00 AM,2/20/2026 12:00:00 AM,11/21/2025 12:00:00 AM,"330010000288740"
"TRINITY HEALTH",43368,1,1,3.00,,"15-0230","Fansler Operating Speculum, Standard",994.55000,2983.65,"",3/27/2026 12:00:00 AM,3/24/2026 12:00:00 AM,1/19/2026 12:00:00 AM,"170020000218209"
"TRINITY HEALTH",43368,2,1,3.00,,"01-0011","Fiber Optic Cable, 90in. long, 5.0mm dia., reinforced",557.70000,1673.10,"",3/27/2026 12:00:00 AM,3/24/2026 12:00:00 AM,1/19/2026 12:00:00 AM,"170020000218209"
"ERLANGER HEALTH SYSTEM",42926,1,1,1.00,,"15-1000C","Ferguson Retractor Set",1716.00000,1716.00,"",,3/27/2026 12:00:00 AM,4/16/2025 12:00:00 AM,"0001217360"
"BETH ISRAEL LAYHEY HEALTH",43352,1,1,2.00,,"37-2824","Suction Ligator w/ Cone & 100 Rings, Angled Down",858.00000,1716.00,"",1/30/2026 12:00:00 AM,2/27/2026 12:00:00 AM,1/12/2026 12:00:00 AM,"2623020001075"
"HCA FLORIDA",43371,1,1,2.00,,"08-0182","ESI Improved Mammary Retr. w/ Teeth & Suction",1437.55000,2875.10,"",2/13/2026 12:00:00 AM,2/10/2026 12:00:00 AM,1/20/2026 12:00:00 AM,"254987"
"Morgan Advanced Ceramics",43132,1,5,100.00,"043132-1-5","23729-0","FLANGE KOVAR",78.80000,7880.00,"",3/4/2026 12:00:00 AM,3/4/2026 12:00:00 AM,9/3/2025 12:00:00 AM,"NBDPO-00006868-1"
"Morgan Advanced Ceramics",43132,1,6,100.00,"043132-1-5","23729-0","FLANGE KOVAR",78.80000,7880.00,"",3/4/2026 12:00:00 AM,3/4/2026 12:00:00 AM,9/3/2025 12:00:00 AM,"NBDPO-00006868-1"
"Morgan Advanced Ceramics",43190,5,1,1500.00,"043190-5-1","24276-0","WASHER .156ID OFHC COPPER UNSC10100",1.80000,2700.00,"",3/4/2026 12:00:00 AM,3/4/2026 12:00:00 AM,10/3/2025 12:00:00 AM,"NBDPO-00007123-1"
"Navitar",43016,40,1,44.00,,"3-16138CO","LENS RING",0.00000,0.00,"",2/2/2026 12:00:00 AM,2/2/2026 12:00:00 AM,6/16/2025 12:00:00 AM,"P000080533"
"Navitar",43016,41,1,48.00,,"3-26500CO","SPACER, DC",0.00000,0.00,"",2/2/2026 12:00:00 AM,2/2/2026 12:00:00 AM,6/16/2025 12:00:00 AM,"P000080533"
"Navitar",43016,42,1,32.00,,"3-26502CO","SPACER, HI",0.00000,0.00,"",2/2/2026 12:00:00 AM,2/2/2026 12:00:00 AM,6/16/2025 12:00:00 AM,"P000080533"
"Navitar",43016,43,1,178.00,,"3-26503CO","RETAINER",0.00000,0.00,"",2/2/2026 12:00:00 AM,2/2/2026 12:00:00 AM,6/16/2025 12:00:00 AM,"P000080533"
"Navitar",43016,44,1,71.00,,"3-26504CO","FRONT RETAINER",0.00000,0.00,"",2/2/2026 12:00:00 AM,2/2/2026 12:00:00 AM,6/16/2025 12:00:00 AM,"P000080533"
"Navitar",43016,45,1,62.00,,"3-26696CO","RETAINER",0.00000,0.00,"",2/2/2026 12:00:00 AM,2/2/2026 12:00:00 AM,6/16/2025 12:00:00 AM,"P000080533"
"Navitar",43364,21,1,100.00,"043364-21-1","3-50498","BEAMSPLITTER MOUNT",25.63000,2563.00,"PeteB",8/19/2026 12:00:00 AM,8/17/2026 12:00:00 AM,1/14/2026 12:00:00 AM,"P000081425"
"Navitar",43364,22,1,100.00,"043364-22-1","3-50498","BEAMSPLITTER MOUNT",25.63000,2563.00,"PeteB",10/2/2026 12:00:00 AM,9/30/2026 12:00:00 AM,1/14/2026 12:00:00 AM,"P000081425"
"Navitar",43364,23,1,100.00,"043364-23-1","3-50498","BEAMSPLITTER MOUNT",25.63000,2563.00,"PeteB",11/16/2026 12:00:00 AM,11/12/2026 12:00:00 AM,1/14/2026 12:00:00 AM,"P000081425"
"Navitar",43364,24,1,1.00,"043364-24-1","NRE $ FAI CHARGE","TOOLING & STENCIL CHARGE FROM PO P000081425 LINE 8",825.00000,825.00,"PeteB",3/13/2026 12:00:00 AM,3/11/2026 12:00:00 AM,1/14/2026 12:00:00 AM,"P000081425"
"Navitar",43364,15,1,100.00,"043364-15-1","3-50497","LOWER INTERFACE TUBE (LAC)",27.03000,2703.00,"PeteB",4/27/2026 12:00:00 AM,4/24/2026 12:00:00 AM,1/14/2026 12:00:00 AM,"P000081425"
"Navitar",43364,16,1,1.00,"043364-16-1","NRE & FAI CHARGE","TOOLING & STENCIL CHARGE FROM PO P000081425 LINE 8",775.00000,775.00,"PeteB",3/13/2026 12:00:00 AM,3/13/2026 12:00:00 AM,1/14/2026 12:00:00 AM,"P000081425"
"Navitar",43364,17,1,5.00,"043364-17-1","3-50498","BEAMSPLITTER MOUNT",25.63000,128.15,"PeteB",3/13/2026 12:00:00 AM,3/13/2026 12:00:00 AM,1/14/2026 12:00:00 AM,"P000081425"
"Navitar",43364,18,1,95.00,"043364-18-1","3-50498","BEAMSPLITTER MOUNT",25.63000,2434.85,"PeteB",4/13/2026 12:00:00 AM,4/9/2026 12:00:00 AM,1/14/2026 12:00:00 AM,"P000081425"
"Navitar",43364,19,1,100.00,"043364-19-1","3-50498","BEAMSPLITTER MOUNT",25.63000,2563.00,"PeteB",5/22/2026 12:00:00 AM,5/20/2026 12:00:00 AM,1/14/2026 12:00:00 AM,"P000081425"
"Navitar",43364,20,1,100.00,"043364-20-1","3-50498","BEAMSPLITTER MOUNT",25.63000,2563.00,"PeteB",7/8/2026 12:00:00 AM,7/6/2026 12:00:00 AM,1/14/2026 12:00:00 AM,"P000081425"
"Navitar",43364,9,1,5.00,"043364-9-1","3-50497","LOWER INTERFACE TUBE (LAC)",27.03000,135.15,"PeteB",3/13/2026 12:00:00 AM,3/11/2026 12:00:00 AM,1/14/2026 12:00:00 AM,"P000081425"
"Navitar",43364,10,1,95.00,"043364-10-1","3-50497","LOWER INTERFACE TUBE (LAC)",27.03000,2567.85,"PeteB",4/3/2026 12:00:00 AM,4/1/2026 12:00:00 AM,1/14/2026 12:00:00 AM,"P000081425"
"Navitar",43364,11,1,100.00,"043364-11-1","3-50497","LOWER INTERFACE TUBE (LAC)",27.03000,2703.00,"PeteB",5/22/2026 12:00:00 AM,5/20/2026 12:00:00 AM,1/14/2026 12:00:00 AM,"P000081425"
"Navitar",43364,12,1,100.00,"043364-12-1","3-50497","LOWER INTERFACE TUBE (LAC)",27.03000,2703.00,"PeteB",7/8/2026 12:00:00 AM,7/6/2026 12:00:00 AM,1/14/2026 12:00:00 AM,"P000081425"
"Navitar",43364,13,1,100.00,"043364-13-1","3-50497","LOWER INTERFACE TUBE (LAC)",27.03000,2703.00,"PeteB",8/19/2026 12:00:00 AM,8/17/2026 12:00:00 AM,1/14/2026 12:00:00 AM,"P000081425"
"Navitar",43364,14,1,100.00,"043364-14-1","3-50497","LOWER INTERFACE TUBE (LAC)",27.03000,2703.00,"PeteB",10/2/2026 12:00:00 AM,9/30/2026 12:00:00 AM,1/14/2026 12:00:00 AM,"P000081425"
"Navitar",43364,3,1,100.00,"043364-3-1","3-50496","CONVERTER DOVETAIL",17.19000,1719.00,"PeteB",5/22/2026 12:00:00 AM,5/20/2026 12:00:00 AM,1/14/2026 12:00:00 AM,"P000081425"
"Navitar",43364,4,1,100.00,"043364-4-1","3-50496","CONVERTER DOVETAIL",17.19000,1719.00,"PeteB",7/8/2026 12:00:00 AM,7/6/2026 12:00:00 AM,1/14/2026 12:00:00 AM,"P000081425"
"Navitar",43364,5,1,100.00,"043364-5-1","3-50496","CONVERTER DOVETAIL",17.19000,1719.00,"PeteB",8/19/2026 12:00:00 AM,8/17/2026 12:00:00 AM,1/14/2026 12:00:00 AM,"P000081425"
"Navitar",43364,6,1,100.00,"043364-6-1","3-50496","CONVERTER DOVETAIL",17.19000,1719.00,"PeteB",10/2/2026 12:00:00 AM,9/30/2026 12:00:00 AM,1/14/2026 12:00:00 AM,"P000081425"
"Navitar",43364,7,1,100.00,"043364-7-1","3-50496","CONVERTER DOVETAIL",17.19000,1719.00,"PeteB",11/16/2026 12:00:00 AM,11/12/2026 12:00:00 AM,1/14/2026 12:00:00 AM,"P000081425"
"Navitar",43364,8,1,1.00,"043364-8-1","NRE & FAI CHARGE","TOOLING & STENCIL CHARGE FROM PO P000081425 LINE 8",500.00000,500.00,"PeteB",3/13/2026 12:00:00 AM,3/13/2026 12:00:00 AM,1/14/2026 12:00:00 AM,"P000081425"
"Navitar",43282,1,2,20.00,"043282-1-1","3-61529","RT ANGLE BASE",93.05000,1861.00,"PeteB",3/18/2026 12:00:00 AM,3/18/2026 12:00:00 AM,11/19/2025 12:00:00 AM,"P000081219"
"Navitar",43282,1,3,20.00,"043282-1-1","3-61529","RT ANGLE BASE",93.05000,1861.00,"PeteB",4/29/2026 12:00:00 AM,4/29/2026 12:00:00 AM,11/19/2025 12:00:00 AM,"P000081219"
"Navitar",43282,1,4,20.00,"043282-1-1","3-61529","RT ANGLE BASE",93.05000,1861.00,"PeteB",6/4/2026 12:00:00 AM,6/4/2026 12:00:00 AM,11/19/2025 12:00:00 AM,"P000081219"
"Navitar",43282,1,5,20.00,"043282-1-1","3-61529","RT ANGLE BASE",93.05000,1861.00,"PeteB",7/17/2026 12:00:00 AM,7/17/2026 12:00:00 AM,11/19/2025 12:00:00 AM,"P000081219"
"Navitar",43364,1,1,5.00,"043364-1-1","3-50496","CONVERTER DOVETAIL",17.19000,85.95,"PeteB",3/13/2026 12:00:00 AM,3/11/2026 12:00:00 AM,1/14/2026 12:00:00 AM,"P000081425"
"Navitar",43364,2,1,95.00,"043364-2-1","3-50496","CONVERTER DOVETAIL",17.19000,1633.05,"PeteB",4/3/2026 12:00:00 AM,4/3/2026 12:00:00 AM,1/14/2026 12:00:00 AM,"P000081425"
"Navitar",43016,46,1,20.00,,"3-26697CO","CELL, ALIGNMENT",0.00000,0.00,"",2/2/2026 12:00:00 AM,2/2/2026 12:00:00 AM,6/16/2025 12:00:00 AM,"P000080533"
"Navitar",43016,47,1,41.00,,"3-26698CO","RETAINER",0.00000,0.00,"",2/2/2026 12:00:00 AM,2/2/2026 12:00:00 AM,6/16/2025 12:00:00 AM,"P000080533"
"Navitar",43016,48,1,9.00,,"3-26699CO","SPACER BC",0.00000,0.00,"",2/2/2026 12:00:00 AM,2/2/2026 12:00:00 AM,6/16/2025 12:00:00 AM,"P000080533"
"Navitar",43016,49,1,75.00,,"3-26700CO","SPACER CD",0.00000,0.00,"",2/2/2026 12:00:00 AM,2/2/2026 12:00:00 AM,6/16/2025 12:00:00 AM,"P000080533"
"Navitar",43280,1,1,46.00,"043280-1-1","3-62834","SPACER",20.58000,946.68,"PeteB",3/13/2026 12:00:00 AM,3/12/2026 12:00:00 AM,11/19/2025 12:00:00 AM,"P000081190"
"Navitar",43282,1,1,20.00,"043282-1-1","3-61529","RT ANGLE BASE",93.05000,1861.00,"PeteB",2/13/2026 12:00:00 AM,2/13/2026 12:00:00 AM,11/19/2025 12:00:00 AM,"P000081219"
"Sealing Devices Inc.",43287,1,1,2500.00,"043287-1-1","41A213356P27","COPPER WASHER PER DWG. 41A213356 PART 27",2.66000,6650.00,"Dawn K",4/24/2026 12:00:00 AM,4/24/2026 12:00:00 AM,11/24/2025 12:00:00 AM,"333113"
"Sealing Devices Inc.",43288,1,2,13000.00,"043288-1","VTOT10116","SEALING RING",14.51000,188630.00,"",4/13/2026 12:00:00 AM,4/13/2026 12:00:00 AM,11/24/2025 12:00:00 AM,"333179"
"Sealing Devices Inc.",43291,1,1,5000.00,"043291-1-1","41A213356P23","COPPER GASKET..PER DWG. 41A213356 PART 23",2.06000,10300.00,"Dawn K",4/20/2026 12:00:00 AM,4/20/2026 12:00:00 AM,12/1/2025 12:00:00 AM,"333314"
"Sealing Devices Inc.",43321,1,1,11300.00,"043321-1-1","41A213356P23","COPPER GASKET..PER DWG. 41A213356 PART 23",2.04000,23052.00,"",3/20/2026 12:00:00 AM,3/18/2026 12:00:00 AM,12/16/2025 12:00:00 AM,"334061"
"Sealing Devices Inc.",43321,2,1,5000.00,"043321-2-1","41A213356P23","COPPER GASKET..PER DWG. 41A213356 PART 23",2.04000,10200.00,"",4/20/2026 12:00:00 AM,4/17/2026 12:00:00 AM,12/16/2025 12:00:00 AM,"334061"
"Sealing Devices Inc.",43321,3,1,5000.00,"043321-3-1","41A213356P23","COPPER GASKET..PER DWG. 41A213356 PART 23",2.04000,10200.00,"",5/26/2026 12:00:00 AM,5/22/2026 12:00:00 AM,12/16/2025 12:00:00 AM,"334061"
"Sealing Devices Inc.",43376,2,1,7000.00,"043376-2-1","41A213356P23","COPPER GASKET..PER DWG. 41A213356 PART 23",2.04000,14280.00,"Dawn K",10/21/2026 12:00:00 AM,10/19/2026 12:00:00 AM,1/22/2026 12:00:00 AM,"335392"
"Sealing Devices Inc.",43376,3,1,8200.00,"043376-3-1","41A213356P23","COPPER GASKET..PER DWG. 41A213356 PART 23",2.04000,16728.00,"Dawn K",11/23/2026 12:00:00 AM,11/19/2026 12:00:00 AM,1/22/2026 12:00:00 AM,"335392"
"Sealing Devices Inc.",43321,4,1,5000.00,"043321-4-1","41A213356P23","COPPER GASKET..PER DWG. 41A213356 PART 23",2.04000,10200.00,"",6/22/2026 12:00:00 AM,6/19/2026 12:00:00 AM,12/16/2025 12:00:00 AM,"334061"
"Sealing Devices Inc.",43321,5,1,5000.00,"043321-5-1","41A213356P23","COPPER GASKET..PER DWG. 41A213356 PART 23",2.04000,10200.00,"",7/20/2026 12:00:00 AM,7/17/2026 12:00:00 AM,12/16/2025 12:00:00 AM,"334061"
"Sealing Devices Inc.",43321,6,1,5000.00,"043321-6-1","41A213356P23","COPPER GASKET..PER DWG. 41A213356 PART 23",2.04000,10200.00,"",9/1/2026 12:00:00 AM,8/28/2026 12:00:00 AM,12/16/2025 12:00:00 AM,"334061"
"Sealing Devices Inc.",43345,1,1,1200.00,"043345-1-1","84A228904P5","Fuel Injector Washer          
Copper Washer",13.18000,15816.00,"Dawn K",6/15/2026 12:00:00 AM,6/11/2026 12:00:00 AM,1/8/2026 12:00:00 AM,"334392"
"Sealing Devices Inc.",43350,1,1,24.00,"043350-1-1","84B536863P1","Cover",83.21000,1997.04,"Dawn K",3/4/2026 12:00:00 AM,3/2/2026 12:00:00 AM,1/9/2026 12:00:00 AM,"334888"
"Sealing Devices Inc.",43376,1,1,8900.00,"043376-1-1","41A213356P23","COPPER GASKET..PER DWG. 41A213356 PART 23",2.04000,18156.00,"Dawn K",8/31/2026 12:00:00 AM,8/31/2026 12:00:00 AM,1/22/2026 12:00:00 AM,"335392"
"Raytheon EO Innovations",43252,1,2,44.00,"043252-1-1","D1438088-1","COVER, MAGNET",26.22000,1153.68,"",7/24/2026 12:00:00 AM,7/24/2026 12:00:00 AM,11/6/2025 12:00:00 AM,"4203201593"
"IDEX Optics & Photonics – Melles Griot",43297,1,1,50.00,,"063539","BEAM DUMP, FAI / QUALIFICATION",9.05000,452.50,"",2/9/2026 12:00:00 AM,2/9/2026 12:00:00 AM,12/3/2025 12:00:00 AM,"1240302"
"IDEX Optics & Photonics – Melles Griot",43297,2,1,200.00,,"063539","BEAM DUMP",9.05000,1810.00,"",3/10/2026 12:00:00 AM,3/10/2026 12:00:00 AM,12/3/2025 12:00:00 AM,"1240302"
"IDEX Optics & Photonics – Melles Griot",43323,1,1,50.00,"043323-1-1","063605","BARREL, OBJ",140.42000,7021.00,"",4/21/2026 12:00:00 AM,4/17/2026 12:00:00 AM,12/17/2025 12:00:00 AM,"1241135"
"IDEX Optics & Photonics – Melles Griot",43323,2,1,50.00,"043323-2-1","063605","BARREL, OBJ",140.42000,7021.00,"",5/19/2026 12:00:00 AM,5/15/2026 12:00:00 AM,12/17/2025 12:00:00 AM,"1241135"
"IDEX Optics & Photonics – Melles Griot",43323,3,1,50.00,"043323-3-1","063605","BARREL, OBJ",140.42000,7021.00,"",6/17/2026 12:00:00 AM,6/15/2026 12:00:00 AM,12/17/2025 12:00:00 AM,"1241135"
"IDEX Optics & Photonics – Melles Griot",43323,4,1,50.00,"043323-4-1","063605","BARREL, OBJ",140.42000,7021.00,"",7/17/2026 12:00:00 AM,7/15/2026 12:00:00 AM,12/17/2025 12:00:00 AM,"1241135"
"IDEX Optics & Photonics – Melles Griot",43323,5,1,50.00,"043323-5-1","063605","BARREL, OBJ",140.42000,7021.00,"",8/20/2026 12:00:00 AM,8/18/2026 12:00:00 AM,12/17/2025 12:00:00 AM,"1241135"
"IDEX Optics & Photonics – Melles Griot",43323,6,1,50.00,"043323-6-1","063605","BARREL, OBJ",140.42000,7021.00,"",9/24/2026 12:00:00 AM,9/22/2026 12:00:00 AM,12/17/2025 12:00:00 AM,"1241135"
"TUFTS MEDICINE",43355,4,1,2.00,,"08-0046","St. Mark Retractor, 62mm x 178mm w/ Lip",693.55000,1387.10,"Dawn K",2/27/2026 12:00:00 AM,2/27/2026 12:00:00 AM,1/13/2026 12:00:00 AM,"2044192"
"TUFTS MEDICINE",43355,5,1,1.00,,"08-0048","St. Mark Retractor, 62mm x 178mm",700.70000,700.70,"Dawn K",2/6/2026 12:00:00 AM,2/6/2026 12:00:00 AM,1/13/2026 12:00:00 AM,"2044192"
"VALLEY HEALTH",42985,1,1,3.00,,"15-1000C","Ferguson Retractor Set",1716.00000,5148.00,"Dawn K",8/29/2025 12:00:00 AM,3/27/2026 12:00:00 AM,5/28/2025 12:00:00 AM,"1098798"
"New York Presbyterian / Queens",43310,1,1,1.00,,"01-0011","Fiber Optic Cable, 90in. long, 5.0mm dia., reinforced",557.70000,557.70,"Dawn K",12/31/2025 12:00:00 AM,3/27/2026 12:00:00 AM,12/11/2025 12:00:00 AM,"2000691875"
"WELLSTAR HEALTH SYSTEM",43354,2,1,1.00,,"15-0224","Sawyer Rectal Retractor, Medium",686.40000,686.40,"Dawn K",2/20/2026 12:00:00 AM,2/20/2026 12:00:00 AM,1/12/2026 12:00:00 AM,"PO-100907405"
"WELLSTAR HEALTH SYSTEM",43367,2,1,2.00,,"08-0070","ESI Deep Pelvic Retractor, Standard, Std. Handle",1085.37000,2170.74,"Dawn K",2/27/2026 12:00:00 AM,2/25/2026 12:00:00 AM,1/16/2026 12:00:00 AM,"PO-100916233"
"STANFORD HEALTH CARE-TRI-VALLEY",43335,2,1,1.00,,"08-0072","ESI Deep Pelvic Retractor, Narrow, Std. Handle",1085.37000,1085.37,"Dawn K",2/6/2026 12:00:00 AM,2/6/2026 12:00:00 AM,12/29/2025 12:00:00 AM,"3000055332"
"STANFORD HEALTH CARE-TRI-VALLEY",43335,3,1,1.00,,"08-0070","ESI Deep Pelvic Retractor, Standard, Std. Handle",1085.37000,1085.37,"Dawn K",1/30/2026 12:00:00 AM,2/27/2026 12:00:00 AM,12/29/2025 12:00:00 AM,"3000055332"
